Service,TR_15,TR_16,TR_17,TR_18,TR_19,TR_20,TR_21,TR_22,TR_23,TR_24,TR_25,TR_26,TR_27,TR_28,TR_29,TR_30,TR_31,TR_32,TR_33,TR_34,TR_35,TR_36,TR_37,TR_38,TR_39,TR_40,TR_41,TR_42,TR_43,TR_44,TR_45,TR_46,TR_47,TR_48,TR_49,TR_50,TR_51,TR_52,TR_53,TR_54,TR_55,TR_56,TR_57,TR_58,TR_59,TV_15,TV_16,TV_17,TV_18,TV_19,TV_20,TV_21,TV_22,TV_23,TV_24,TV_25,TV_26,TV_27,TV_28,TV_29,TV_30,TV_31,TV_32,TV_33,TV_34,TV_35,TV_36,TV_37,TV_38,TV_39,TV_40,TV_41,TV_42,TV_43,TV_44,TV_45,TV_46,TV_47,TV_48,TV_49,TV_50,TV_51,TV_52,TV_53,TV_54,TV_55,TV_56,TV_57,TV_58,TV_59,RXM2_60__50,RXM2_60__51,RXM2_60__52,RXM2_60__53,RXM2_60__54,RXM2_60__55,RXM2_60__56,RXM2_60__57,RXM2_60__58,RXM2_60__59,RXM2_60__60,RXM2_60__61,RXM2_60__62,RXM2_60__63,RXM2_60__64,RXM2_60__65,RXM2_60__66,RXM2_60__67,RXM2_60__68,RXM2_60__69,RXM2_60__70,RXM2_60__71,RXM2_60__72,RXM2_60__73,RXM2_60__74,RXM2_60__75,RXM2_60__76,RXM2_60__77,RXM2_60__78,RXM2_60__79,RXM2_55__50,RXM2_55__51,RXM2_55__52,RXM2_55__53,RXM2_55__54,RXM2_55__55,RXM2_55__56,RXM2_55__57,RXM2_55__58,RXM2_55__59,RXM2_55__60,RXM2_55__61,RXM2_55__62,RXM2_55__63,RXM2_55__64,RXM2_55__65,RXM2_55__66,RXM2_55__67,RXM2_55__68,RXM2_55__69,RXM2_55__70,RXM2_55__71,RXM2_55__72,RXM2_55__73,RXM2_55__74,RXM2_55__75,RXM2_55__76,RXM2_55__77,RXM2_55__78,RXM2_55__79,RXM25_55__50,RXM25_55__51,RXM25_55__52,RXM25_55__53,RXM25_55__54,RXM25_55__55,RXM25_55__56,RXM25_55__57,RXM25_55__58,RXM25_55__59,RXM25_55__60,RXM25_55__61,RXM25_55__62,RXM25_55__63,RXM25_55__64,RXM25_55__65,RXM25_55__66,RXM25_55__67,RXM25_55__68,RXM25_55__69,RXM25_55__70,RXM25_55__71,RXM25_55__72,RXM25_55__73,RXM25_55__74,RXM25_55__75,RXM25_55__76,RXM25_55__77,RXM25_55__78,RXM25_55__79,RXM27_55__50,RXM27_55__51,RXM27_55__52,RXM27_55__53,RXM27_55__54,RXM27_55__55,RXM27_55__56,RXM27_55__57,RXM27_55__58,RXM27_55__59,RXM27_55__60,RXM27_55__61,RXM27_55__62,RXM27_55__63,RXM27_55__64,RXM27_55__65,RXM27_55__66,RXM27_55__67,RXM27_55__68,RXM27_55__69,RXM27_55__70,RXM27_55__71,RXM27_55__72,RXM27_55__73,RXM27_55__74,RXM27_55__75,RXM27_55__76,RXM27_55__77,RXM27_55__78,RXM27_55__79,RXM2_62__50,RXM2_62__51,RXM2_62__52,RXM2_62__53,RXM2_62__54,RXM2_62__55,RXM2_62__56,RXM2_62__57,RXM2_62__58,RXM2_62__59,RXM2_62__60,RXM2_62__61,RXM2_62__62,RXM2_62__63,RXM2_62__64,RXM2_62__65,RXM2_62__66,RXM2_62__67,RXM2_62__68,RXM2_62__69,RXM2_62__70,RXM2_62__71,RXM2_62__72,RXM2_62__73,RXM2_62__74,RXM2_62__75,RXM2_62__76,RXM2_62__77,RXM2_62__78,RXM2_62__79,RXS2_55__50,RXS2_55__51,RXS2_55__52,RXS2_55__53,RXS2_55__54,RXS2_55__55,RXS2_55__56,RXS2_55__57,RXS2_55__58,RXS2_55__59,RXS2_55__60,RXS2_55__61,RXS2_55__62,RXS2_55__63,RXS2_55__64,RXS2_55__65,RXS2_55__66,RXS2_55__67,RXS2_55__68,RXS2_55__69,RXS2_55__70,RXS2_55__71,RXS2_55__72,RXS2_55__73,RXS2_55__74,RXS2_55__75,RXS2_55__76,RXS2_55__77,RXS2_55__78,RXS2_55__79,SSM_15,SSM_16,SSM_17,SSM_18,SSM_19,SSM_20,SSM_21,SSM_22,SSM_23,SSM_24,SSM_25,SSM_26,SSM_27,SSM_28,SSM_29,SSM_30,SSM_31,SSM_32,SSM_33,SSM_34,SSM_35,SSM_36,SSM_37,SSM_38,SSM_39,SSM_40,SSM_41,SSM_42,SSM_43,SSM_44,SSM_45,SSM_46,SSM_47,SSM_48,SSM_49,SSM_50,SSM_51,SSM_52,SSM_53,SSM_54,SSM_55,SSM_56,SSM_57,SSM_58,SSM_59,SSM_60,SSM_61,SSM_62,SSM_63,SSM_64,SSM_65,SSM_66,SSM_67,SSM_68,SSM_69,SSM_70,SSM_71,SSM_72,SSM_73,SSM_74,SSM_75,SSM_76,SSM_77,SSM_78,SSM_79,RXM3_60__50,RXM3_60__51,RXM3_60__52,RXM3_60__53,RXM3_60__54,RXM3_60__55,RXM3_60__56,RXM3_60__57,RXM3_60__58,RXM3_60__59,RXM3_60__60,RXM3_60__61,RXM3_60__62,RXM3_60__63,RXM3_60__64,RXM3_60__65,RXM3_60__66,RXM3_60__67,RXM3_60__68,RXM3_60__69,RXM3_60__70,RXM3_60__71,RXM3_60__72,RXM3_60__73,RXM3_60__74,RXM3_60__75,RXM3_60__76,RXM3_60__77,RXM3_60__78,RXM3_60__79
0,0.1812,0.1798,0.1784,0.177,0.1756,0.1742,0.173,0.1716,0.1702,0.1688,0.1674,0.166,0.1646,0.1634,0.162,0.1606,0.1592,0.1578,0.1564,0.155,0.1537,0.1524,0.151,0.1496,0.1482,0.1468,0.1454,0.1441,0.1428,0.1414,0.14,0.1386,0.1372,0.1358,0.1345,0.1332,0.1318,0.1304,0.129,0.1276,0.1262,0.1249,0.1236,0.1222,0.1208,0,0,0,0,0,0,0,0,0,0,0,0,0,0,0,0,0,0,0,0,0,0,0,0,0,0,0,0,0,0,0,0,0,0,0,0,0,0,0,0,0,0,0,0,0,0,0,0,0,0,0,0,0,0,0,0,0,0,0,0,0,0,0,0,0,0,0,0,0,0,0,0,0,0,0,0,0,0,0,0,0,0,0,0,0,0,0,0,0,0,0,0,0,0,0,0,0,0,0,0,0,0,0,0,0,0,0,0,0,0,0,0,0,0,0,0,0,0,0,0,0,0,0,0,0,0,0,0,0,0,0,0,0,0,0,0,0,0,0,0,0,0,0,0,0,0,0,0,0,0,0,0,0,0,0,0,0,0,0,0,0,0,0,0,0,0,0,0,0,0,0,0,0,0,0,0,0,0,0,0,0,0,0,0,0,0,0,0,0,0,0,0,0,0,0,0,0,0,0,0,0,0,0,0,0,0,0,0,0,0,0,0,0,0,0,0,0,0,0,0,0,0,0,0,0,0.122,0.122,0.122,0.122,0.122,0.122,0.122,0.122,0.122,0.122,0.122,0.121,0.119,0.118,0.117,0.116,0.114,0.113,0.112,0.11,0.109,0.108,0.106,0.105,0.104,0.102,0.101,0.099,0.098,0.097,0.095,0.095,0.095,0.095,0.095,0.095,0.095,0.095,0.095,0.095,0.095,0.095,0.095,0.095,0.095,0.095,0.095,0.095,0.095,0.095,0.095,0.095,0.095,0.095,0.095,0.095,0.095,0.095,0.095,0.095,0.095,0.095,0.095,0.095,0.095,0.0000,0.0000,0.0000,0.0000,0.0000,0.0000,0.0000,0.0000,0.0000,0.0000,0.0000,0.0000,0.0000,0.0000,0.0000,0.0000,0.0000,0.0000,0.0000,0.0000,0.0000,0.0000,0.0000,0.0000,0.0000,0.0000,0.0000,0.0000,0.0000,0.0000
1,0.1615,0.1601,0.1587,0.1573,0.1559,0.1545,0.1532,0.1519,0.1505,0.1491,0.1477,0.1463,0.1449,0.1436,0.1423,0.1409,0.1395,0.1381,0.1367,0.1353,0.1339,0.1327,0.1313,0.1299,0.1285,0.1271,0.1257,0.1243,0.1231,0.1217,0.1203,0.1189,0.1175,0.1161,0.1147,0.1135,0.1121,0.1107,0.1093,0.1079,0.1065,0.1051,0.1039,0.1025,0.1011,0,0,0,0,0,0,0,0,0,0,0,0,0,0,0,0,0,0,0,0,0,0,0,0,0,0,0,0,0,0,0,0,0,0,0,0,0,0,0,0,0,0,0,0,0,0,0,0,0,0,0,0,0,0,0,0,0,0,0,0,0,0,0,0,0,0,0,0,0,0,0,0,0,0,0,0,0,0,0,0,0,0,0,0,0,0,0,0,0,0,0,0,0,0,0,0,0,0,0,0,0,0,0,0,0,0,0,0,0,0,0,0,0,0,0,0,0,0,0,0,0,0,0,0,0,0,0,0,0,0,0,0,0,0,0,0,0,0,0,0,0,0,0,0,0,0,0,0,0,0,0,0,0,0,0,0,0,0,0,0,0,0,0,0,0,0,0,0,0,0,0,0,0,0,0,0,0,0,0,0,0,0,0,0,0,0,0,0,0,0,0,0,0,0,0,0,0,0,0,0,0,0,0,0,0,0,0,0,0,0,0,0,0,0,0,0,0,0,0,0,0,0,0,0,0,0.099,0.099,0.099,0.099,0.099,0.099,0.099,0.099,0.099,0.099,0.099,0.098,0.097,0.096,0.095,0.094,0.093,0.092,0.091,0.089,0.088,0.087,0.086,0.085,0.084,0.083,0.082,0.08,0.079,0.078,0.077,0.077,0.077,0.077,0.077,0.077,0.077,0.077,0.077,0.077,0.077,0.077,0.077,0.077,0.077,0.077,0.077,0.077,0.077,0.077,0.077,0.077,0.077,0.077,0.077,0.077,0.077,0.077,0.077,0.077,0.077,0.077,0.077,0.077,0.077,0.0000,0.0000,0.0000,0.0000,0.0000,0.0000,0.0000,0.0000,0.0000,0.0000,0.0000,0.0000,0.0000,0.0000,0.0000,0.0000,0.0000,0.0000,0.0000,0.0000,0.0000,0.0000,0.0000,0.0000,0.0000,0.0000,0.0000,0.0000,0.0000,0.0000
2,0.1418,0.1404,0.139,0.1376,0.1362,0.1348,0.1335,0.1322,0.1308,0.1294,0.128,0.1266,0.1252,0.1238,0.1226,0.1212,0.1198,0.1184,0.117,0.1156,0.1142,0.113,0.1116,0.1102,0.1088,0.1074,0.106,0.1046,0.1034,0.102,0.1006,0.0992,0.0978,0.0964,0.095,0.0938,0.0924,0.091,0.0896,0.0882,0.0868,0.0854,0.0841,0.0828,0.0814,0,0,0,0,0,0,0,0,0,0,0,0,0,0,0,0,0,0,0,0,0,0,0,0,0,0,0,0,0,0,0,0,0,0,0,0,0,0,0,0,0,0,0,0,0,0,0,0,0,0,0,0,0,0,0,0,0,0,0,0,0,0,0,0,0,0,0,0,0,0,0,0,0,0,0,0,0,0,0,0,0,0,0,0,0,0,0,0,0,0,0,0,0,0,0,0,0,0,0,0,0,0,0,0,0,0,0,0,0,0,0,0,0,0,0,0,0,0,0,0,0,0,0,0,0,0,0,0,0,0,0,0,0,0,0,0,0,0,0,0,0,0,0,0,0,0,0,0,0,0,0,0,0,0,0,0,0,0,0,0,0,0,0,0,0,0,0,0,0,0,0,0,0,0,0,0,0,0,0,0,0,0,0,0,0,0,0,0,0,0,0,0,0,0,0,0,0,0,0,0,0,0,0,0,0,0,0,0,0,0,0,0,0,0,0,0,0,0,0,0,0,0,0,0,0,0.086,0.086,0.086,0.086,0.086,0.086,0.086,0.086,0.086,0.086,0.086,0.085,0.084,0.083,0.082,0.081,0.08,0.079,0.078,0.077,0.076,0.075,0.074,0.073,0.072,0.071,0.07,0.069,0.068,0.067,0.066,0.066,0.066,0.066,0.066,0.066,0.066,0.066,0.066,0.066,0.066,0.066,0.066,0.066,0.066,0.066,0.066,0.066,0.066,0.066,0.066,0.066,0.066,0.066,0.066,0.066,0.066,0.066,0.066,0.066,0.066,0.066,0.066,0.066,0.066,0.0000,0.0000,0.0000,0.0000,0.0000,0.0000,0.0000,0.0000,0.0000,0.0000,0.0000,0.0000,0.0000,0.0000,0.0000,0.0000,0.0000,0.0000,0.0000,0.0000,0.0000,0.0000,0.0000,0.0000,0.0000,0.0000,0.0000,0.0000,0.0000,0.0000
3,0.1221,0.1207,0.1193,0.1179,0.1165,0.1151,0.1138,0.1125,0.1111,0.1097,0.1083,0.1069,0.1055,0.1041,0.1029,0.1015,0.1001,0.0987,0.0973,0.0959,0.0945,0.0933,0.0919,0.0905,0.0891,0.0877,0.0863,0.0849,0.0837,0.0823,0.0809,0.0795,0.0781,0.0767,0.0753,0.0741,0.0727,0.0713,0.0699,0.0685,0.0671,0.0657,0.0644,0.0631,0.0617,0,0,0,0,0,0,0,0,0,0,0,0,0,0,0,0,0,0,0,0,0,0,0,0,0,0,0,0,0,0,0,0,0,0,0,0,0,0,0,0,0,0,0,0,0,0,0,0,0,0,0,0,0,0,0,0,0,0,0,0,0,0,0,0,0,0,0,0,0,0,0,0,0,0,0,0,0,0,0,0,0,0,0,0,0,0,0,0,0,0,0,0,0,0,0,0,0,0,0,0,0,0,0,0,0,0,0,0,0,0,0,0,0,0,0,0,0,0,0,0,0,0,0,0,0,0,0,0,0,0,0,0,0,0,0,0,0,0,0,0,0,0,0,0,0,0,0,0,0,0,0,0,0,0,0,0,0,0,0,0,0,0,0,0,0,0,0,0,0,0,0,0,0,0,0,0,0,0,0,0,0,0,0,0,0,0,0,0,0,0,0,0,0,0,0,0,0,0,0,0,0,0,0,0,0,0,0,0,0,0,0,0,0,0,0,0,0,0,0,0,0,0,0,0,0,0.077,0.077,0.077,0.077,0.077,0.077,0.077,0.077,0.077,0.077,0.077,0.076,0.075,0.074,0.073,0.072,0.071,0.07,0.069,0.069,0.068,0.067,0.066,0.065,0.064,0.063,0.062,0.061,0.06,0.06,0.059,0.059,0.059,0.059,0.059,0.059,0.059,0.059,0.059,0.059,0.059,0.059,0.059,0.059,0.059,0.059,0.059,0.059,0.059,0.059,0.059,0.059,0.059,0.059,0.059,0.059,0.059,0.059,0.059,0.059,0.059,0.059,0.059,0.059,0.059,0.0000,0.0000,0.0000,0.0000,0.0000,0.0000,0.0000,0.0000,0.0000,0.0000,0.0000,0.0000,0.0000,0.0000,0.0000,0.0000,0.0000,0.0000,0.0000,0.0000,0.0000,0.0000,0.0000,0.0000,0.0000,0.0000,0.0000,0.0000,0.0000,0.0000
4,0.1024,0.101,0.0996,0.0982,0.0968,0.0954,0.094,0.0928,0.0914,0.09,0.0886,0.0872,0.0858,0.0844,0.0832,0.0818,0.0804,0.079,0.0776,0.0762,0.0748,0.0735,0.0722,0.0708,0.0694,0.068,0.0666,0.0652,0.0639,0.0626,0.0612,0.0598,0.0584,0.057,0.0556,0.0543,0.053,0.0516,0.0502,0.0488,0.0474,0.046,0.0447,0.0434,0.042,0,0,0,0,0,0,0,0,0,0,0,0,0,0,0,0,0,0,0,0,0,0,0,0,0,0,0,0,0,0,0,0,0,0,0,0,0,0,0,0,0,0,0,0,0,0,0,0,0,0,0,0,0,0,0,0,0,0,0,0,0,0,0,0,0,0,0,0,0,0,0,0,0,0,0,0,0,0,0,0,0,0,0,0,0,0,0,0,0,0,0,0,0,0,0,0,0,0,0,0,0,0,0,0,0,0,0,0,0,0,0,0,0,0,0,0,0,0,0,0,0,0,0,0,0,0,0,0,0,0,0,0,0,0,0,0,0,0,0,0,0,0,0,0,0,0,0,0,0,0,0,0,0,0,0,0,0,0,0,0,0,0,0,0,0,0,0,0,0,0,0,0,0,0,0,0,0,0,0,0,0,0,0,0,0,0,0,0,0,0,0,0,0,0,0,0,0,0,0,0,0,0,0,0,0,0,0,0,0,0,0,0,0,0,0,0,0,0,0,0,0,0,0,0,0,0.07,0.07,0.07,0.07,0.07,0.07,0.07,0.07,0.07,0.07,0.07,0.069,0.068,0.067,0.066,0.065,0.064,0.064,0.063,0.062,0.061,0.06,0.059,0.058,0.058,0.057,0.056,0.055,0.054,0.054,0.053,0.053,0.053,0.053,0.053,0.053,0.053,0.053,0.053,0.053,0.053,0.053,0.053,0.053,0.053,0.053,0.053,0.053,0.053,0.053,0.053,0.053,0.053,0.053,0.053,0.053,0.053,0.053,0.053,0.053,0.053,0.053,0.053,0.053,0.053,0.0000,0.0000,0.0000,0.0000,0.0000,0.0000,0.0000,0.0000,0.0000,0.0000,0.0000,0.0000,0.0000,0.0000,0.0000,0.0000,0.0000,0.0000,0.0000,0.0000,0.0000,0.0000,0.0000,0.0000,0.0000,0.0000,0.0000,0.0000,0.0000,0.0000
5,0.0232,0.0228,0.0224,0.022,0.0216,0.0212,0.0209,0.0205,0.0201,0.0197,0.0193,0.0189,0.0185,0.0182,0.0178,0.0174,0.017,0.0167,0.0162,0.0158,0.0155,0.0151,0.0147,0.0143,0.014,0.0136,0.0131,0.0128,0.0124,0.012,0.0116,0.0113,0.0109,0.0105,0.0101,0.0097,0.0093,0.0089,0.0086,0.0082,0.0078,0.0074,0.007,0.0066,0.0062,0.0714,0.0703,0.0691,0.068,0.0668,0.0656,0.0643,0.0631,0.062,0.0608,0.0597,0.0585,0.0573,0.056,0.0548,0.0537,0.0525,0.0513,0.0502,0.049,0.0477,0.0465,0.0454,0.0442,0.043,0.0418,0.0407,0.0394,0.0382,0.0371,0,0,0,0,0,0,0,0,0,0,0,0,0,0,0,0.01,0.009,0.011,0.01,0.015,0.022,0.018,0.024,0.027,0.033,0.056,0.071,0.117,0.122,0.114,0.15,0.114,0.141,0.103,0.109,0.117,0.098,0.108,0.082,0.093,1,1,1,1,1,0.014,0.012,0.013,0.015,0.026,0.048,0.042,0.044,0.049,0.057,0.067,0.081,0.116,0.114,0.108,0.155,0.132,0.122,0.111,0.114,0.13,0.107,0.11,0.085,0.1,1,1,1,1,1,0.004,0.004,0.004,0.008,0.024,0.066,0.042,0.041,0.045,0.055,0.066,0.072,0.099,0.092,0.091,0.122,0.138,0.114,0.1,0.114,0.127,0.113,0.109,0.074,0.051,1,1,1,1,1,0.004,0.002,0.006,0.01,0.032,0.076,0.055,0.05,0.055,0.061,0.069,0.086,0.105,0.103,0.109,0.134,0.147,0.121,0.113,0.117,0.141,0.111,0.076,0.105,0.145,1,1,1,1,1,0,0,0.0103,0.0131,0.0213,0.044,0.0303,0.0363,0.0465,0.0578,0.0616,0.0619,0.0968,0.0888,0.0941,0.1287,0.1045,0.1045,0.1045,0.1045,0.1254,0.1254,0.1254,0.1254,0.1254,1,1,1,1,1,0.005,0.005,0.006,0.007,0.012,0.024,0.02,0.021,0.025,0.029,0.037,0.046,0.076,0.069,0.067,0.091,0.072,0.067,0.06,0.067,0.066,0.051,0.045,0.044,0.055,0.055,0.044,0.05,0.05,0.093,0.064,0.064,0.064,0.064,0.064,0.064,0.064,0.064,0.064,0.064,0.064,0.063,0.062,0.061,0.06,0.06,0.059,0.058,0.057,0.056,0.055,0.055,0.054,0.053,0.052,0.052,0.051,0.05,0.049,0.049,0.048,0.048,0.048,0.048,0.048,0.048,0.048,0.048,0.048,0.048,0.048,0.048,0.048,0.048,0.048,0.048,0.048,0.048,0.048,0.048,0.048,0.048,0.048,0.048,0.048,0.048,0.048,0.048,0.048,0.048,0.048,0.048,0.048,0.048,0.048,0.0120,0.0090,0.0140,0.0160,0.0260,0.0430,0.0420,0.0490,0.0570,0.0760,0.1140,0.0950,0.1330,0.1290,0.1430,0.2020,0.1770,0.1510,0.1390,0.1900,0.1400,0.1680,0.0820,0.1170,0.1380,1.0000,1.0000,1.0000,1.0000,1.0000
6,0.0215,0.0212,0.0208,0.0204,0.02,0.0197,0.0193,0.0189,0.0185,0.0182,0.0178,0.0174,0.017,0.0167,0.0163,0.0159,0.0155,0.0152,0.0148,0.0144,0.014,0.0137,0.0133,0.0129,0.0125,0.0122,0.0118,0.0114,0.011,0.0107,0.0103,0.0099,0.0095,0.0092,0.0088,0.0084,0.008,0.0077,0.0073,0.0069,0.0065,0.0062,0.0058,0.0054,0.005,0.0692,0.068,0.0668,0.0657,0.0645,0.0632,0.062,0.0608,0.0596,0.0583,0.0573,0.056,0.0548,0.0536,0.0524,0.0511,0.0499,0.0488,0.0476,0.0464,0.0452,0.0439,0.0427,0.0415,0.0404,0.0392,0.0379,0.0367,0.0355,0,0,0,0,0,0,0,0,0,0,0,0,0,0,0,0,0.011,0.01,0.012,0.01,0.015,0.024,0.019,0.025,0.029,0.035,0.06,0.076,0.127,0.133,0.123,0.162,0.123,0.152,0.111,0.119,0.126,0.106,0.117,0.089,0.1,1,1,1,1,1,0.015,0.013,0.014,0.016,0.027,0.051,0.044,0.047,0.052,0.06,0.071,0.085,0.122,0.12,0.114,0.163,0.139,0.129,0.117,0.12,0.137,0.113,0.116,0.091,0.107,1,1,1,1,1,0.005,0.005,0.005,0.009,0.026,0.07,0.045,0.044,0.048,0.059,0.07,0.076,0.105,0.097,0.096,0.13,0.146,0.121,0.106,0.121,0.134,0.12,0.116,0.079,0.055,1,1,1,1,1,0.005,0.003,0.007,0.012,0.034,0.081,0.058,0.054,0.059,0.065,0.074,0.091,0.112,0.109,0.116,0.142,0.156,0.129,0.12,0.124,0.149,0.118,0.081,0.111,0.153,1,1,1,1,1,0,0,0.0109,0.0138,0.0225,0.0464,0.0319,0.0383,0.049,0.0609,0.065,0.0653,0.1021,0.0937,0.0992,0.1357,0.1102,0.1102,0.1102,0.1102,0.1322,0.1322,0.1322,0.1322,0.1322,1,1,1,1,1,0.005,0.006,0.007,0.008,0.014,0.029,0.024,0.025,0.03,0.035,0.044,0.054,0.091,0.082,0.08,0.108,0.087,0.08,0.071,0.081,0.079,0.062,0.054,0.053,0.066,0.065,0.052,0.059,0.06,0.111,0.059,0.059,0.059,0.059,0.059,0.059,0.059,0.059,0.059,0.059,0.059,0.058,0.057,0.056,0.056,0.055,0.054,0.053,0.052,0.052,0.051,0.05,0.049,0.049,0.048,0.047,0.047,0.046,0.045,0.045,0.044,0.044,0.044,0.044,0.044,0.044,0.044,0.044,0.044,0.044,0.044,0.044,0.044,0.044,0.044,0.044,0.044,0.044,0.044,0.044,0.044,0.044,0.044,0.044,0.044,0.044,0.044,0.044,0.044,0.044,0.044,0.044,0.044,0.044,0.044,0.0130,0.0100,0.0150,0.0180,0.0280,0.0460,0.0450,0.0530,0.0610,0.0810,0.1210,0.1000,0.1410,0.1360,0.1510,0.2140,0.1870,0.1590,0.1470,0.2010,0.1490,0.1780,0.0870,0.1240,0.1460,1.0000,1.0000,1.0000,1.0000,1.0000
7,0.0199,0.0195,0.0192,0.0188,0.0185,0.0181,0.0177,0.0173,0.017,0.0167,0.0163,0.0159,0.0155,0.0152,0.0148,0.0145,0.0141,0.0137,0.0134,0.013,0.0126,0.0122,0.0119,0.0116,0.0112,0.0108,0.0104,0.0101,0.0097,0.0094,0.009,0.0086,0.0083,0.0079,0.0075,0.0072,0.0068,0.0065,0.0061,0.0057,0.0053,0.005,0.0047,0.0043,0.0039,0.067,0.0658,0.0645,0.0632,0.062,0.0609,0.0597,0.0585,0.0573,0.0559,0.0547,0.0534,0.0524,0.0511,0.0499,0.0486,0.0473,0.0461,0.0449,0.0438,0.0426,0.0413,0.04,0.0388,0.0375,0.0363,0.0352,0.034,0,0,0,0,0,0,0,0,0,0,0,0,0,0,0,0,0,0.011,0.011,0.013,0.011,0.016,0.026,0.021,0.027,0.031,0.038,0.064,0.081,0.137,0.142,0.132,0.174,0.132,0.164,0.119,0.127,0.135,0.114,0.124,0.095,0.107,1,1,1,1,1,0.016,0.013,0.015,0.017,0.028,0.054,0.046,0.049,0.055,0.063,0.074,0.089,0.128,0.126,0.12,0.172,0.146,0.135,0.122,0.125,0.144,0.119,0.122,0.096,0.111,1,1,1,1,1,0.006,0.006,0.006,0.01,0.028,0.075,0.048,0.047,0.052,0.063,0.075,0.081,0.111,0.103,0.102,0.137,0.154,0.128,0.112,0.128,0.142,0.127,0.123,0.084,0.059,1,1,1,1,1,0.006,0.004,0.008,0.013,0.037,0.086,0.062,0.057,0.062,0.069,0.079,0.097,0.118,0.116,0.123,0.15,0.165,0.136,0.127,0.131,0.158,0.125,0.086,0.118,0.162,1,1,1,1,1,0,0,0.0115,0.0145,0.0237,0.0488,0.0336,0.0403,0.0515,0.0641,0.0683,0.0686,0.1074,0.0985,0.1043,0.1427,0.1159,0.1159,0.1159,0.1159,0.1391,0.1391,0.1391,0.1391,0.1391,1,1,1,1,1,0.006,0.007,0.008,0.01,0.017,0.034,0.028,0.03,0.035,0.04,0.051,0.063,0.106,0.096,0.093,0.126,0.101,0.093,0.083,0.094,0.092,0.072,0.063,0.062,0.077,0.076,0.061,0.069,0.07,0.13,0.054,0.054,0.054,0.054,0.054,0.054,0.054,0.054,0.054,0.054,0.054,0.054,0.053,0.052,0.051,0.051,0.05,0.049,0.048,0.048,0.047,0.046,0.046,0.045,0.044,0.044,0.043,0.042,0.042,0.041,0.04,0.04,0.04,0.04,0.04,0.04,0.04,0.04,0.04,0.04,0.04,0.04,0.04,0.04,0.04,0.04,0.04,0.04,0.04,0.04,0.04,0.04,0.04,0.04,0.04,0.04,0.04,0.04,0.04,0.04,0.04,0.04,0.04,0.04,0.04,0.0140,0.0110,0.0160,0.0190,0.0300,0.0490,0.0470,0.0560,0.0650,0.0860,0.1280,0.1060,0.1490,0.1440,0.1600,0.2260,0.1970,0.1680,0.1550,0.2120,0.1570,0.1880,0.0920,0.1310,0.1540,1.0000,1.0000,1.0000,1.0000,1.0000
8,0.0184,0.018,0.0176,0.0173,0.017,0.0166,0.0162,0.0159,0.0155,0.0152,0.0149,0.0145,0.0141,0.0137,0.0134,0.0131,0.0127,0.0124,0.012,0.0116,0.0113,0.011,0.0106,0.0102,0.0099,0.0095,0.0092,0.0088,0.0085,0.0081,0.0077,0.0074,0.0071,0.0067,0.0063,0.006,0.0056,0.0053,0.005,0.0046,0.0042,0.0038,0.0035,0.0032,0.0028,0.0646,0.0634,0.0622,0.0608,0.0596,0.0583,0.0571,0.0559,0.0547,0.0534,0.0521,0.0509,0.0496,0.0484,0.0472,0.046,0.0447,0.0434,0.0422,0.0409,0.0397,0.0385,0.0373,0.036,0.0347,0.0335,0.0322,0,0,0,0,0,0,0,0,0,0,0,0,0,0,0,0,0,0,0.012,0.011,0.014,0.012,0.017,0.026,0.022,0.029,0.032,0.041,0.069,0.087,0.145,0.152,0.141,0.186,0.141,0.175,0.127,0.136,0.144,0.121,0.133,0.102,0.114,1,1,1,1,1,0.017,0.014,0.016,0.018,0.03,0.057,0.048,0.052,0.057,0.066,0.078,0.094,0.135,0.132,0.126,0.18,0.153,0.143,0.129,0.132,0.151,0.124,0.127,0.1,0.118,1,1,1,1,1,0.007,0.007,0.007,0.011,0.03,0.079,0.051,0.05,0.055,0.067,0.079,0.086,0.117,0.109,0.108,0.145,0.163,0.135,0.119,0.135,0.15,0.134,0.129,0.089,0.062,1,1,1,1,1,0.007,0.004,0.009,0.014,0.039,0.091,0.066,0.061,0.066,0.073,0.083,0.102,0.125,0.122,0.13,0.158,0.173,0.143,0.134,0.139,0.166,0.132,0.091,0.124,0.171,1,1,1,1,1,0,0,0.012,0.0152,0.0248,0.0512,0.0352,0.0422,0.0541,0.0672,0.0717,0.072,0.1126,0.1034,0.1094,0.1498,0.1216,0.1216,0.1216,0.1216,0.1459,0.1459,0.1459,0.1459,0.1459,1,1,1,1,1,0.007,0.008,0.01,0.011,0.019,0.039,0.032,0.034,0.04,0.046,0.059,0.072,0.121,0.109,0.106,0.144,0.115,0.106,0.095,0.107,0.105,0.082,0.072,0.07,0.088,0.087,0.069,0.079,0.08,0.148,0.051,0.051,0.051,0.051,0.051,0.051,0.051,0.051,0.051,0.051,0.051,0.05,0.049,0.048,0.048,0.047,0.046,0.046,0.045,0.044,0.043,0.043,0.042,0.041,0.041,0.04,0.04,0.039,0.038,0.038,0.037,0.037,0.037,0.037,0.037,0.037,0.037,0.037,0.037,0.037,0.037,0.037,0.037,0.037,0.037,0.037,0.037,0.037,0.037,0.037,0.037,0.037,0.037,0.037,0.037,0.037,0.037,0.037,0.037,0.037,0.037,0.037,0.037,0.037,0.037,0.0150,0.0120,0.0170,0.0210,0.0320,0.0510,0.0500,0.0590,0.0680,0.0900,0.1350,0.1120,0.1560,0.1510,0.1680,0.2370,0.2080,0.1770,0.1630,0.2230,0.1650,0.1970,0.0980,0.1370,0.1620,1.0000,1.0000,1.0000,1.0000,1.0000
9,0.0169,0.0165,0.0162,0.0158,0.0155,0.0152,0.0148,0.0145,0.0141,0.0138,0.0134,0.0131,0.0128,0.0124,0.0121,0.0117,0.0114,0.011,0.0107,0.0104,0.01,0.0097,0.0093,0.009,0.0086,0.0083,0.008,0.0076,0.0073,0.0069,0.0066,0.0062,0.0059,0.0056,0.0052,0.0049,0.0045,0.0042,0.0038,0.0035,0.0032,0.0028,0.0025,0.0021,0.0018,0.062,0.0608,0.0596,0.0583,0.057,0.0558,0.0545,0.0532,0.052,0.0507,0.0495,0.0481,0.0469,0.0457,0.0443,0.0431,0.0419,0.0407,0.0393,0.0381,0.0369,0.0355,0.0343,0.033,0.0318,0.0306,0,0,0,0,0,0,0,0,0,0,0,0,0,0,0,0,0,0,0,0.013,0.011,0.014,0.013,0.019,0.028,0.023,0.031,0.035,0.043,0.073,0.093,0.155,0.161,0.151,0.198,0.15,0.187,0.136,0.144,0.154,0.13,0.142,0.108,0.123,1,1,1,1,1,0.017,0.014,0.016,0.019,0.031,0.059,0.05,0.054,0.059,0.069,0.082,0.098,0.141,0.138,0.132,0.189,0.161,0.149,0.134,0.138,0.158,0.13,0.134,0.105,0.122,1,1,1,1,1,0.008,0.008,0.008,0.013,0.032,0.084,0.054,0.054,0.058,0.07,0.084,0.091,0.124,0.115,0.114,0.152,0.171,0.142,0.125,0.142,0.158,0.141,0.136,0.093,0.066,1,1,1,1,1,0.008,0.005,0.01,0.016,0.042,0.096,0.07,0.064,0.07,0.077,0.088,0.108,0.131,0.129,0.137,0.166,0.182,0.151,0.141,0.146,0.175,0.139,0.096,0.131,0.179,1,1,1,1,1,0,0,0.0126,0.0159,0.026,0.0536,0.0369,0.0442,0.0566,0.0704,0.075,0.0754,0.1179,0.1082,0.1146,0.1568,0.1273,0.1273,0.1273,0.1273,0.1528,0.1528,0.1528,0.1528,0.1528,1,1,1,1,1,0.008,0.009,0.011,0.012,0.021,0.043,0.035,0.038,0.045,0.052,0.066,0.081,0.136,0.123,0.119,0.162,0.129,0.119,0.106,0.12,0.118,0.092,0.081,0.079,0.098,0.098,0.078,0.089,0.09,0.166,0.046,0.046,0.046,0.046,0.046,0.046,0.046,0.046,0.046,0.046,0.046,0.046,0.046,0.045,0.045,0.044,0.044,0.043,0.043,0.042,0.042,0.041,0.041,0.041,0.04,0.04,0.039,0.039,0.038,0.038,0.037,0.037,0.037,0.037,0.037,0.037,0.037,0.037,0.037,0.037,0.037,0.037,0.037,0.037,0.037,0.037,0.037,0.037,0.037,0.037,0.037,0.037,0.037,0.037,0.037,0.037,0.037,0.037,0.037,0.037,0.037,0.037,0.037,0.037,0.037,0.0160,0.0130,0.0190,0.0220,0.0340,0.0540,0.0530,0.0620,0.0720,0.0950,0.1410,0.1180,0.1640,0.1590,0.1760,0.2490,0.2180,0.1860,0.1710,0.2340,0.1730,0.2070,0.1030,0.1440,0.1700,1.0000,1.0000,1.0000,1.0000,1.0000
10,0.0155,0.0151,0.0148,0.0144,0.0141,0.0138,0.0134,0.0131,0.0128,0.0125,0.0121,0.0118,0.0115,0.0111,0.0108,0.0104,0.0101,0.0098,0.0095,0.0091,0.0088,0.0085,0.0081,0.0078,0.0074,0.0071,0.0068,0.0065,0.0062,0.0058,0.0055,0.0051,0.0048,0.0044,0.0041,0.0038,0.0035,0.0032,0.0028,0.0025,0.0021,0.0018,0.0015,0.0011,0.0008,0.0594,0.0582,0.0568,0.0556,0.0544,0.053,0.0518,0.0505,0.0492,0.0479,0.0466,0.0454,0.0441,0.0428,0.0415,0.0403,0.0389,0.0377,0.0364,0.0352,0.0339,0.0325,0.0313,0.0299,0.0287,0,0,0,0,0,0,0,0,0,0,0,0,0,0,0,0,0,0,0,0,0.013,0.011,0.014,0.012,0.019,0.029,0.024,0.032,0.036,0.044,0.077,0.097,0.164,0.171,0.159,0.209,0.158,0.196,0.143,0.153,0.162,0.137,0.15,0.115,0.129,1,1,1,1,1,0.018,0.014,0.017,0.02,0.033,0.061,0.053,0.056,0.062,0.072,0.086,0.103,0.147,0.144,0.138,0.197,0.168,0.155,0.141,0.144,0.165,0.137,0.14,0.109,0.129,1,1,1,1,1,0.009,0.009,0.009,0.014,0.034,0.088,0.057,0.057,0.061,0.074,0.088,0.095,0.13,0.121,0.119,0.16,0.179,0.149,0.131,0.149,0.165,0.148,0.143,0.098,0.07,1,1,1,1,1,0.009,0.006,0.012,0.017,0.044,0.101,0.074,0.068,0.074,0.082,0.093,0.113,0.138,0.135,0.143,0.174,0.191,0.158,0.147,0.153,0.183,0.146,0.101,0.137,0.188,1,1,1,1,1,0,0,0.0132,0.0167,0.0272,0.056,0.0385,0.0462,0.0592,0.0735,0.0784,0.0788,0.1232,0.1131,0.1197,0.1638,0.133,0.133,0.133,0.133,0.1596,0.1596,0.1596,0.1596,0.1596,1,1,1,1,1,0.009,0.01,0.012,0.014,0.024,0.048,0.039,0.042,0.05,0.057,0.073,0.09,0.151,0.136,0.133,0.18,0.143,0.132,0.118,0.133,0.131,0.102,0.09,0.088,0.109,0.108,0.086,0.098,0.1,0.185,0.046,0.046,0.046,0.046,0.046,0.046,0.046,0.046,0.046,0.046,0.046,0.045,0.045,0.044,0.044,0.043,0.043,0.042,0.042,0.042,0.041,0.041,0.04,0.04,0.039,0.039,0.039,0.038,0.038,0.037,0.037,0.037,0.037,0.037,0.037,0.037,0.037,0.037,0.037,0.037,0.037,0.037,0.037,0.037,0.037,0.037,0.037,0.037,0.037,0.037,0.037,0.037,0.037,0.037,0.037,0.037,0.037,0.037,0.037,0.037,0.037,0.037,0.037,0.037,0.037,0.0180,0.0140,0.0200,0.0230,0.0360,0.0570,0.0560,0.0650,0.0760,0.1000,0.1480,0.1230,0.1720,0.1660,0.1850,0.2600,0.2280,0.1940,0.1790,0.2450,0.1820,0.2170,0.1080,0.1510,0.1780,1.0000,1.0000,1.0000,1.0000,1.0000
11,0.0143,0.014,0.0137,0.0134,0.0131,0.0128,0.0125,0.0121,0.0118,0.0115,0.0111,0.0108,0.0105,0.0102,0.0098,0.0095,0.0092,0.0089,0.0086,0.0083,0.0079,0.0076,0.0073,0.007,0.0066,0.0063,0.006,0.0056,0.0053,0.005,0.0047,0.0044,0.0041,0.0038,0.0034,0.0031,0.0028,0.0024,0.0021,0.0018,0.0015,0.0011,0.0008,0.0005,0.0002,0.0579,0.0567,0.0554,0.0541,0.0528,0.0514,0.05,0.0488,0.0476,0.0462,0.045,0.0437,0.0423,0.0409,0.0397,0.0385,0.0371,0.0359,0.0345,0.0332,0.032,0.0306,0.0294,0.028,0,0,0,0,0,0,0,0,0,0,0,0,0,0,0,0,0,0,0,0,0,0.013,0.012,0.015,0.013,0.02,0.031,0.025,0.033,0.038,0.047,0.081,0.103,0.172,0.18,0.168,0.221,0.167,0.208,0.151,0.162,0.171,0.144,0.158,0.121,0.136,1,1,1,1,1,0.018,0.015,0.017,0.021,0.034,0.064,0.055,0.059,0.065,0.075,0.089,0.106,0.154,0.15,0.143,0.205,0.174,0.162,0.147,0.151,0.172,0.143,0.145,0.114,0.133,1,1,1,1,1,0.01,0.01,0.01,0.015,0.037,0.092,0.06,0.06,0.065,0.078,0.092,0.1,0.136,0.126,0.125,0.167,0.188,0.156,0.138,0.156,0.173,0.155,0.15,0.103,0.073,1,1,1,1,1,0.01,0.007,0.013,0.019,0.047,0.106,0.077,0.072,0.078,0.086,0.097,0.119,0.144,0.142,0.15,0.182,0.2,0.166,0.154,0.16,0.192,0.152,0.106,0.144,0.197,1,1,1,1,1,0,0,0.0137,0.0174,0.0283,0.0584,0.0402,0.0482,0.0617,0.0767,0.0818,0.0821,0.1285,0.1179,0.1248,0.1708,0.1387,0.1387,0.1387,0.1387,0.1664,0.1664,0.1664,0.1664,0.1664,1,1,1,1,1,0.01,0.011,0.013,0.015,0.026,0.053,0.043,0.046,0.055,0.063,0.08,0.099,0.166,0.15,0.146,0.198,0.158,0.145,0.13,0.147,0.144,0.112,0.099,0.096,0.12,0.119,0.095,0.108,0.11,0.203,0.045,0.045,0.045,0.045,0.045,0.045,0.045,0.045,0.045,0.045,0.045,0.044,0.044,0.043,0.043,0.043,0.042,0.042,0.041,0.041,0.04,0.04,0.04,0.039,0.039,0.038,0.038,0.037,0.037,0.037,0.036,0.036,0.036,0.036,0.036,0.036,0.036,0.036,0.036,0.036,0.036,0.036,0.036,0.036,0.036,0.036,0.036,0.036,0.036,0.036,0.036,0.036,0.036,0.036,0.036,0.036,0.036,0.036,0.036,0.036,0.036,0.036,0.036,0.036,0.036,0.0190,0.0150,0.0210,0.0250,0.0380,0.0600,0.0590,0.0690,0.0790,0.1040,0.1550,0.1290,0.1800,0.1740,0.1930,0.2720,0.2380,0.2030,0.1870,0.2560,0.1900,0.2270,0.1130,0.1580,0.1860,1.0000,1.0000,1.0000,1.0000,1.0000
12,0.0134,0.013,0.0127,0.0124,0.0121,0.0118,0.0115,0.0111,0.0108,0.0105,0.0102,0.0099,0.0096,0.0092,0.0089,0.0086,0.0083,0.008,0.0077,0.0074,0.0071,0.0068,0.0065,0.0062,0.0059,0.0056,0.0052,0.0049,0.0046,0.0043,0.004,0.0037,0.0034,0.003,0.0027,0.0024,0.0021,0.0018,0.0015,0.0011,0.0008,0.0005,0.0002,0.0002,0.0002,0.0563,0.0551,0.0537,0.0524,0.051,0.0498,0.0484,0.0472,0.0458,0.0445,0.0431,0.0418,0.0405,0.0393,0.0379,0.0366,0.0352,0.0339,0.0325,0.0313,0.0301,0.0287,0.0273,0,0,0,0,0,0,0,0,0,0,0,0,0,0,0,0,0,0,0,0,0,0,0.014,0.013,0.016,0.014,0.021,0.033,0.027,0.035,0.04,0.05,0.084,0.108,0.182,0.19,0.177,0.233,0.176,0.219,0.159,0.17,0.18,0.152,0.167,0.128,0.144,1,1,1,1,1,0.019,0.016,0.018,0.022,0.036,0.066,0.058,0.062,0.068,0.078,0.092,0.111,0.16,0.157,0.149,0.214,0.182,0.168,0.152,0.157,0.18,0.148,0.152,0.118,0.14,1,1,1,1,1,0.011,0.011,0.012,0.016,0.039,0.097,0.063,0.063,0.068,0.082,0.097,0.105,0.142,0.132,0.131,0.175,0.196,0.163,0.144,0.163,0.181,0.162,0.157,0.108,0.077,1,1,1,1,1,0.011,0.008,0.014,0.02,0.049,0.11,0.081,0.075,0.081,0.09,0.102,0.124,0.151,0.148,0.157,0.19,0.209,0.173,0.161,0.167,0.2,0.159,0.111,0.15,0.206,1,1,1,1,1,0,0,0.0143,0.0181,0.0295,0.0608,0.0418,0.0502,0.0642,0.0798,0.0851,0.0855,0.1338,0.1227,0.13,0.1778,0.1444,0.1444,0.1444,0.1444,0.1733,0.1733,0.1733,0.1733,0.1733,1,1,1,1,1,0.011,0.012,0.015,0.017,0.028,0.058,0.047,0.051,0.06,0.069,0.087,0.108,0.181,0.163,0.159,0.215,0.172,0.158,0.142,0.16,0.157,0.122,0.108,0.105,0.131,0.13,0.104,0.118,0.12,0.221,0.044,0.044,0.044,0.044,0.044,0.044,0.044,0.044,0.044,0.044,0.044,0.043,0.043,0.043,0.042,0.042,0.041,0.041,0.041,0.04,0.04,0.039,0.039,0.039,0.038,0.038,0.037,0.037,0.037,0.036,0.036,0.036,0.036,0.036,0.036,0.036,0.036,0.036,0.036,0.036,0.036,0.036,0.036,0.036,0.036,0.036,0.036,0.036,0.036,0.036,0.036,0.036,0.036,0.036,0.036,0.036,0.036,0.036,0.036,0.036,0.036,0.036,0.036,0.036,0.036,0.0200,0.0160,0.0220,0.0260,0.0390,0.0630,0.0610,0.0720,0.0830,0.1090,0.1620,0.1350,0.1880,0.1820,0.2010,0.2830,0.2480,0.2120,0.1950,0.2670,0.1980,0.2360,0.1180,0.1650,0.1940,1.0000,1.0000,1.0000,1.0000,1.0000
13,0.0082,0.008,0.0078,0.0076,0.0074,0.0072,0.007,0.0068,0.0066,0.0064,0.0062,0.006,0.0058,0.0056,0.0054,0.0052,0.005,0.0048,0.0046,0.0044,0.0042,0.004,0.0038,0.0036,0.0034,0.0032,0.003,0.0028,0.0026,0.0024,0.0022,0.002,0.0018,0.0016,0.0014,0.0012,0.001,0.0008,0.0006,0.0004,0.0002,0.0002,0.0002,0.0002,0.0002,0.0547,0.0533,0.0521,0.0507,0.0494,0.048,0.0466,0.0453,0.0439,0.0427,0.0413,0.04,0.0386,0.0373,0.0359,0.0345,0.0333,0.032,0.0306,0.0292,0.0279,0.0265,0,0,0,0,0,0,0,0,0,0,0,0,0,0,0,0,0,0,0,0,0,0,0,0.014,0.013,0.017,0.015,0.022,0.034,0.028,0.037,0.042,0.051,0.088,0.113,0.189,0.198,0.184,0.243,0.183,0.228,0.166,0.177,0.187,0.158,0.173,0.132,0.149,1,1,1,1,1,0.02,0.017,0.018,0.023,0.036,0.069,0.06,0.063,0.071,0.082,0.096,0.116,0.167,0.163,0.155,0.222,0.189,0.176,0.159,0.163,0.186,0.154,0.157,0.124,0.144,1,1,1,1,1,0.012,0.012,0.013,0.018,0.041,0.101,0.066,0.066,0.071,0.086,0.101,0.109,0.148,0.138,0.137,0.182,0.204,0.17,0.15,0.17,0.189,0.169,0.163,0.113,0.08,1,1,1,1,1,0.012,0.009,0.015,0.021,0.052,0.115,0.085,0.079,0.085,0.094,0.106,0.13,0.157,0.155,0.164,0.199,0.218,0.181,0.168,0.175,0.209,0.166,0.116,0.157,0.214,1,1,1,1,1,0,0,0.0148,0.0188,0.0306,0.0632,0.0435,0.0521,0.0668,0.083,0.0885,0.0889,0.139,0.1276,0.1351,0.1849,0.1501,0.1501,0.1501,0.1501,0.1801,0.1801,0.1801,0.1801,0.1801,1,1,1,1,1,0.011,0.013,0.015,0.018,0.03,0.061,0.05,0.054,0.064,0.073,0.093,0.115,0.193,0.174,0.169,0.23,0.183,0.169,0.151,0.17,0.167,0.13,0.115,0.112,0.14,0.138,0.11,0.126,0.128,0.236,0.043,0.043,0.043,0.043,0.043,0.043,0.043,0.043,0.043,0.043,0.043,0.043,0.042,0.042,0.042,0.041,0.041,0.04,0.04,0.04,0.039,0.039,0.038,0.038,0.038,0.037,0.037,0.036,0.036,0.036,0.035,0.035,0.035,0.035,0.035,0.035,0.035,0.035,0.035,0.035,0.035,0.035,0.035,0.035,0.035,0.035,0.035,0.035,0.035,0.035,0.035,0.035,0.035,0.035,0.035,0.035,0.035,0.035,0.035,0.035,0.035,0.035,0.035,0.035,0.035,0.0210,0.0170,0.0240,0.0280,0.0410,0.0660,0.0640,0.0750,0.0870,0.1140,0.1690,0.1400,0.1950,0.1890,0.2100,0.2950,0.2590,0.2210,0.2030,0.2780,0.2060,0.2460,0.1230,0.1720,0.2020,1.0000,1.0000,1.0000,1.0000,1.0000
14,0.0076,0.0074,0.0072,0.007,0.0068,0.0066,0.0064,0.0062,0.006,0.0058,0.0057,0.0055,0.0053,0.0051,0.0049,0.0047,0.0045,0.0043,0.0041,0.0039,0.0037,0.0035,0.0033,0.0031,0.0029,0.0027,0.0025,0.0024,0.0022,0.002,0.0018,0.0016,0.0014,0.0012,0.001,0.0008,0.0006,0.0004,0.0002,0.0002,0.0002,0.0002,0.0002,0.0002,0.0002,0.053,0.0517,0.0502,0.0488,0.0475,0.0461,0.0447,0.0435,0.0422,0.0408,0.0393,0.0379,0.0366,0.0352,0.034,0.0326,0.0313,0.0299,0.0284,0.0271,0.0257,0,0,0,0,0,0,0,0,0,0,0,0,0,0,0,0,0,0,0,0,0,0,0,0,0.015,0.014,0.017,0.015,0.023,0.035,0.028,0.038,0.043,0.053,0.091,0.115,0.194,0.203,0.189,0.249,0.187,0.233,0.169,0.181,0.192,0.162,0.177,0.135,0.153,1,1,1,1,1,0.021,0.017,0.019,0.023,0.038,0.072,0.062,0.066,0.072,0.085,0.1,0.12,0.173,0.169,0.161,0.231,0.196,0.182,0.165,0.17,0.194,0.16,0.163,0.128,0.151,1,1,1,1,1,0.013,0.013,0.014,0.019,0.043,0.106,0.069,0.069,0.075,0.09,0.106,0.114,0.155,0.144,0.142,0.19,0.212,0.177,0.156,0.177,0.196,0.176,0.17,0.118,0.084,1,1,1,1,1,0.013,0.01,0.016,0.023,0.055,0.12,0.089,0.082,0.089,0.098,0.111,0.135,0.164,0.161,0.17,0.207,0.226,0.188,0.175,0.182,0.217,0.173,0.121,0.163,0.223,1,1,1,1,1,0,0,0.0154,0.0195,0.0318,0.0656,0.0451,0.0541,0.0693,0.0861,0.0918,0.0923,0.1443,0.1324,0.1402,0.1919,0.1558,0.1558,0.1558,0.1558,0.187,0.187,0.187,0.187,0.187,1,1,1,1,1,0.012,0.014,0.016,0.018,0.032,0.064,0.053,0.056,0.067,0.077,0.098,0.121,0.202,0.182,0.177,0.24,0.192,0.177,0.158,0.179,0.175,0.136,0.12,0.117,0.146,0.145,0.116,0.132,0.134,0.247,0.043,0.043,0.043,0.043,0.043,0.043,0.043,0.043,0.043,0.043,0.043,0.042,0.042,0.041,0.041,0.041,0.04,0.04,0.039,0.039,0.039,0.038,0.038,0.038,0.037,0.037,0.036,0.036,0.036,0.035,0.035,0.035,0.035,0.035,0.035,0.035,0.035,0.035,0.035,0.035,0.035,0.035,0.035,0.035,0.035,0.035,0.035,0.035,0.035,0.035,0.035,0.035,0.035,0.035,0.035,0.035,0.035,0.035,0.035,0.035,0.035,0.035,0.035,0.035,0.035,0.0220,0.0180,0.0250,0.0290,0.0430,0.0690,0.0670,0.0780,0.0900,0.1180,0.1750,0.1460,0.2030,0.1970,0.2180,0.3070,0.2690,0.2290,0.2110,0.2880,0.2140,0.2560,0.1280,0.1790,0.2100,1.0000,1.0000,1.0000,1.0000,1.0000
15,0.007,0.0068,0.0066,0.0064,0.0062,0.006,0.0059,0.0057,0.0055,0.0053,0.0051,0.0049,0.0047,0.0045,0.0044,0.0042,0.004,0.0038,0.0036,0.0034,0.0032,0.003,0.0029,0.0027,0.0025,0.0023,0.0021,0.0019,0.0017,0.0016,0.0014,0.0012,0.001,0.0008,0.0006,0.0004,0.0002,0.0002,0.0002,0.0002,0.0002,0.0002,0.0002,0.0002,0.0002,0.0511,0.0498,0.0483,0.0469,0.0457,0.0443,0.0428,0.0415,0.0401,0.0388,0.0373,0.036,0.0347,0.0333,0.0318,0.0305,0.0291,0.0277,0.0264,0.025,0,0,0,0,0,0,0,0,0,0,0,0,0,0,0,0,0,0,0,0,0,0,0,0,0,0.015,0.014,0.017,0.015,0.023,0.035,0.028,0.038,0.043,0.054,0.092,0.118,0.198,0.207,0.193,0.255,0.192,0.238,0.174,0.185,0.197,0.165,0.182,0.138,0.156,1,1,1,1,1,0.021,0.017,0.019,0.023,0.038,0.074,0.063,0.067,0.074,0.086,0.103,0.124,0.178,0.174,0.166,0.238,0.203,0.189,0.17,0.174,0.2,0.164,0.169,0.132,0.156,1,1,1,1,1,0.019,0.019,0.02,0.025,0.05,0.115,0.078,0.077,0.083,0.098,0.115,0.124,0.166,0.155,0.153,0.202,0.226,0.189,0.168,0.189,0.209,0.188,0.182,0.128,0.093,1,1,1,1,1,0.014,0.011,0.017,0.024,0.057,0.125,0.093,0.086,0.093,0.102,0.116,0.141,0.171,0.167,0.177,0.215,0.235,0.196,0.182,0.189,0.226,0.18,0.126,0.17,0.232,1,1,1,1,1,0,0,0.016,0.0202,0.033,0.068,0.0468,0.0561,0.0718,0.0893,0.0952,0.0956,0.1496,0.1373,0.1454,0.1989,0.1615,0.1615,0.1615,0.1615,0.1938,0.1938,0.1938,0.1938,0.1938,1,1,1,1,1,0.013,0.014,0.017,0.019,0.033,0.067,0.055,0.059,0.07,0.08,0.102,0.126,0.212,0.191,0.185,0.251,0.2,0.185,0.165,0.187,0.183,0.143,0.126,0.122,0.153,0.151,0.121,0.137,0.14,0.258,0.042,0.042,0.042,0.042,0.042,0.042,0.042,0.042,0.042,0.042,0.042,0.042,0.041,0.041,0.04,0.04,0.04,0.039,0.039,0.039,0.038,0.038,0.037,0.037,0.037,0.036,0.036,0.036,0.035,0.035,0.034,0.034,0.034,0.034,0.034,0.034,0.034,0.034,0.034,0.034,0.034,0.034,0.034,0.034,0.034,0.034,0.034,0.034,0.034,0.034,0.034,0.034,0.034,0.034,0.034,0.034,0.034,0.034,0.034,0.034,0.034,0.034,0.034,0.034,0.034,0.0240,0.0190,0.0260,0.0310,0.0450,0.0720,0.0700,0.0820,0.0940,0.1230,0.1820,0.1520,0.2110,0.2040,0.2260,0.3180,0.2790,0.2380,0.2200,0.2990,0.2230,0.2650,0.1330,0.1860,0.2180,1.0000,1.0000,1.0000,1.0000,1.0000
16,0.0064,0.0062,0.006,0.0058,0.0057,0.0055,0.0053,0.0051,0.0049,0.0048,0.0046,0.0044,0.0042,0.004,0.0039,0.0037,0.0035,0.0033,0.0031,0.003,0.0028,0.0026,0.0024,0.0022,0.0021,0.0019,0.0017,0.0015,0.0013,0.0012,0.001,0.0008,0.0006,0.0004,0.0003,0.0002,0.0002,0.0002,0.0002,0.0002,0.0002,0.0002,0.0002,0.0002,0.0002,0.0492,0.0479,0.0465,0.0452,0.0437,0.0423,0.0408,0.0394,0.0382,0.0367,0.0354,0.0339,0.0325,0.0311,0.0296,0.0284,0.0269,0.0256,0.0242,0,0,0,0,0,0,0,0,0,0,0,0,0,0,0,0,0,0,0,0,0,0,0,0,0,0,0.016,0.014,0.018,0.016,0.023,0.036,0.029,0.04,0.045,0.055,0.095,0.121,0.203,0.212,0.197,0.26,0.196,0.245,0.177,0.19,0.201,0.17,0.186,0.143,0.16,1,1,1,1,1,0.022,0.018,0.02,0.024,0.04,0.077,0.066,0.07,0.077,0.089,0.106,0.128,0.185,0.18,0.172,0.246,0.21,0.195,0.176,0.18,0.207,0.171,0.175,0.137,0.161,1,1,1,1,1,0.02,0.02,0.021,0.026,0.052,0.12,0.081,0.08,0.086,0.102,0.12,0.129,0.172,0.161,0.159,0.21,0.234,0.196,0.174,0.196,0.217,0.195,0.189,0.132,0.096,1,1,1,1,1,0.015,0.012,0.018,0.025,0.06,0.13,0.096,0.089,0.097,0.106,0.12,0.146,0.177,0.174,0.184,0.223,0.244,0.203,0.189,0.196,0.234,0.187,0.131,0.177,0.24,1,1,1,1,1,0,0,0.0165,0.0209,0.0341,0.0704,0.0484,0.0581,0.0744,0.0924,0.0986,0.099,0.1549,0.1421,0.1505,0.2059,0.1672,0.1672,0.1672,0.1672,0.2006,0.2006,0.2006,0.2006,0.2006,1,1,1,1,1,0.013,0.015,0.018,0.02,0.035,0.07,0.057,0.062,0.073,0.083,0.106,0.132,0.221,0.199,0.193,0.262,0.209,0.193,0.172,0.195,0.191,0.149,0.131,0.128,0.159,0.158,0.126,0.143,0.146,0.269,0.041,0.041,0.041,0.041,0.041,0.041,0.041,0.041,0.041,0.041,0.041,0.041,0.041,0.04,0.04,0.04,0.039,0.039,0.038,0.038,0.038,0.037,0.037,0.037,0.036,0.036,0.036,0.035,0.035,0.034,0.034,0.034,0.034,0.034,0.034,0.034,0.034,0.034,0.034,0.034,0.034,0.034,0.034,0.034,0.034,0.034,0.034,0.034,0.034,0.034,0.034,0.034,0.034,0.034,0.034,0.034,0.034,0.034,0.034,0.034,0.034,0.034,0.034,0.034,0.034,0.0250,0.0200,0.0280,0.0320,0.0470,0.0740,0.0730,0.0850,0.0980,0.1280,0.1890,0.1580,0.2190,0.2120,0.2350,0.3300,0.2890,0.2470,0.2280,0.3100,0.2310,0.2750,0.1380,0.1930,0.2270,1.0000,1.0000,1.0000,1.0000,1.0000
17,0.0061,0.0059,0.0057,0.0055,0.0053,0.0052,0.005,0.0048,0.0046,0.0044,0.0043,0.0041,0.0039,0.0037,0.0035,0.0034,0.0032,0.003,0.0028,0.0026,0.0025,0.0023,0.0021,0.0019,0.0017,0.0016,0.0014,0.0012,0.001,0.0008,0.0007,0.0005,0.0003,0.0002,0.0002,0.0002,0.0002,0.0002,0.0002,0.0002,0.0002,0.0002,0.0002,0.0002,0.0002,0.0466,0.0453,0.0439,0.0424,0.0411,0.0397,0.0384,0.037,0.0355,0.0341,0.0326,0.0313,0.0301,0.0286,0.0272,0.0257,0.0243,0.023,0,0,0,0,0,0,0,0,0,0,0,0,0,0,0,0,0,0,0,0,0,0,0,0,0,0,0,0.016,0.015,0.018,0.016,0.023,0.037,0.03,0.041,0.046,0.057,0.097,0.123,0.208,0.217,0.202,0.266,0.201,0.25,0.182,0.194,0.206,0.173,0.19,0.146,0.163,1,1,1,1,1,0.022,0.018,0.021,0.025,0.041,0.079,0.068,0.073,0.08,0.093,0.11,0.133,0.191,0.186,0.178,0.255,0.218,0.201,0.182,0.187,0.214,0.177,0.18,0.141,0.167,1,1,1,1,1,0.021,0.021,0.022,0.028,0.054,0.124,0.084,0.083,0.089,0.106,0.124,0.133,0.178,0.166,0.165,0.217,0.242,0.203,0.18,0.203,0.224,0.202,0.195,0.137,0.1,1,1,1,1,1,0.016,0.013,0.02,0.027,0.062,0.135,0.1,0.093,0.101,0.111,0.125,0.151,0.184,0.18,0.191,0.231,0.253,0.21,0.196,0.203,0.243,0.194,0.136,0.183,0.249,1,1,1,1,1,0,0,0.0171,0.0216,0.0353,0.0728,0.0501,0.0601,0.0769,0.0956,0.1019,0.1024,0.1602,0.147,0.1556,0.2129,0.1729,0.1729,0.1729,0.1729,0.2075,0.2075,0.2075,0.2075,0.2075,1,1,1,1,1,0.014,0.016,0.018,0.021,0.036,0.073,0.06,0.064,0.076,0.087,0.111,0.137,0.23,0.207,0.201,0.273,0.218,0.201,0.179,0.203,0.199,0.155,0.137,0.133,0.166,0.164,0.131,0.149,0.152,0.281,0.041,0.041,0.041,0.041,0.041,0.041,0.041,0.041,0.041,0.041,0.041,0.04,0.04,0.04,0.039,0.039,0.039,0.038,0.038,0.038,0.037,0.037,0.037,0.036,0.036,0.036,0.035,0.035,0.034,0.034,0.034,0.034,0.034,0.034,0.034,0.034,0.034,0.034,0.034,0.034,0.034,0.034,0.034,0.034,0.034,0.034,0.034,0.034,0.034,0.034,0.034,0.034,0.034,0.034,0.034,0.034,0.034,0.034,0.034,0.034,0.034,0.034,0.034,0.034,0.034,0.0260,0.0210,0.0290,0.0330,0.0490,0.0770,0.0760,0.0880,0.1010,0.1330,0.1960,0.1630,0.2270,0.2190,0.2430,0.3410,0.2990,0.2560,0.2360,0.3210,0.2390,0.2850,0.1430,0.2000,0.2350,1.0000,1.0000,1.0000,1.0000,1.0000
18,0.0055,0.0053,0.0052,0.005,0.0048,0.0046,0.0045,0.0043,0.0041,0.0039,0.0038,0.0036,0.0034,0.0033,0.0031,0.0029,0.0027,0.0026,0.0024,0.0022,0.002,0.0019,0.0017,0.0015,0.0013,0.0012,0.001,0.0008,0.0007,0.0005,0.0003,0.0002,0.0002,0.0002,0.0002,0.0002,0.0002,0.0002,0.0002,0.0002,0.0002,0.0002,0.0002,0.0002,0.0002,0.0446,0.0432,0.0419,0.0405,0.039,0.0377,0.0362,0.0348,0.0333,0.0321,0.0306,0.0292,0.0277,0.0262,0.0249,0.0234,0.0222,0,0,0,0,0,0,0,0,0,0,0,0,0,0,0,0,0,0,0,0,0,0,0,0,0,0,0,0,0.017,0.015,0.019,0.016,0.024,0.038,0.031,0.041,0.047,0.058,0.099,0.127,0.213,0.222,0.207,0.273,0.206,0.256,0.186,0.199,0.211,0.178,0.195,0.148,0.167,1,1,1,1,1,0.023,0.019,0.022,0.026,0.043,0.082,0.071,0.075,0.083,0.096,0.114,0.137,0.198,0.193,0.185,0.265,0.225,0.21,0.189,0.194,0.223,0.184,0.188,0.146,0.173,1,1,1,1,1,0.022,0.022,0.023,0.029,0.056,0.128,0.087,0.086,0.093,0.11,0.128,0.138,0.184,0.172,0.17,0.225,0.251,0.21,0.186,0.21,0.232,0.209,0.202,0.142,0.104,1,1,1,1,1,0.017,0.014,0.021,0.028,0.065,0.14,0.104,0.096,0.104,0.115,0.129,0.157,0.19,0.187,0.198,0.239,0.262,0.218,0.203,0.21,0.251,0.201,0.141,0.19,0.258,1,1,1,1,1,0,0,0.0177,0.0224,0.0365,0.0752,0.0517,0.062,0.0794,0.0987,0.1053,0.1058,0.1654,0.1518,0.1607,0.22,0.1786,0.1786,0.1786,0.1786,0.2143,0.2143,0.2143,0.2143,0.2143,1,1,1,1,1,0.014,0.016,0.019,0.022,0.037,0.075,0.062,0.066,0.079,0.09,0.115,0.142,0.237,0.214,0.208,0.282,0.225,0.207,0.185,0.209,0.205,0.16,0.141,0.137,0.171,0.17,0.136,0.154,0.157,0.29,0.04,0.04,0.04,0.04,0.04,0.04,0.04,0.04,0.04,0.04,0.04,0.04,0.04,0.039,0.039,0.039,0.038,0.038,0.038,0.037,0.037,0.037,0.036,0.036,0.035,0.035,0.035,0.034,0.034,0.034,0.033,0.033,0.033,0.033,0.033,0.033,0.033,0.033,0.033,0.033,0.033,0.033,0.033,0.033,0.033,0.033,0.033,0.033,0.033,0.033,0.033,0.033,0.033,0.033,0.033,0.033,0.033,0.033,0.033,0.033,0.033,0.033,0.033,0.033,0.033,0.0270,0.0220,0.0300,0.0350,0.0510,0.0800,0.0780,0.0910,0.1050,0.1370,0.2030,0.1690,0.2340,0.2270,0.2510,0.3530,0.3100,0.2640,0.2440,0.3320,0.2470,0.2950,0.1480,0.2070,0.2430,1.0000,1.0000,1.0000,1.0000,1.0000
19,0.005,0.0048,0.0046,0.0045,0.0043,0.0041,0.004,0.0038,0.0036,0.0035,0.0033,0.0031,0.003,0.0028,0.0027,0.0025,0.0023,0.0022,0.002,0.0018,0.0017,0.0015,0.0013,0.0012,0.001,0.0008,0.0007,0.0005,0.0003,0.0002,0.0001,0.0001,0.0001,0.0001,0.0001,0.0001,0.0001,0.0001,0.0001,0.0001,0.0001,0.0001,0.0001,0.0001,0.0001,0.0427,0.0412,0.0398,0.0384,0.0369,0.0355,0.0341,0.0326,0.0313,0.0298,0.0283,0.0269,0.0254,0.0241,0.0226,0.0212,0,0,0,0,0,0,0,0,0,0,0,0,0,0,0,0,0,0,0,0,0,0,0,0,0,0,0,0,0,0.017,0.016,0.019,0.016,0.025,0.039,0.032,0.042,0.048,0.059,0.102,0.13,0.218,0.228,0.212,0.28,0.211,0.263,0.191,0.204,0.217,0.183,0.2,0.153,0.172,1,1,1,1,1,0.024,0.02,0.023,0.027,0.045,0.085,0.073,0.078,0.086,0.101,0.119,0.143,0.206,0.201,0.192,0.276,0.235,0.218,0.196,0.202,0.231,0.191,0.195,0.152,0.18,1,1,1,1,1,0.023,0.023,0.024,0.03,0.058,0.133,0.09,0.089,0.096,0.114,0.133,0.143,0.191,0.178,0.176,0.232,0.259,0.217,0.193,0.217,0.24,0.216,0.209,0.147,0.107,1,1,1,1,1,0.018,0.014,0.022,0.03,0.067,0.145,0.108,0.1,0.108,0.119,0.134,0.162,0.197,0.193,0.204,0.247,0.271,0.225,0.21,0.218,0.26,0.207,0.146,0.196,0.267,1,1,1,1,1,0,0,0.0182,0.0231,0.0376,0.0776,0.0534,0.064,0.082,0.1019,0.1086,0.1091,0.1707,0.1567,0.1659,0.227,0.1843,0.1843,0.1843,0.1843,0.2212,0.2212,0.2212,0.2212,0.2212,1,1,1,1,1,0.014,0.017,0.019,0.022,0.038,0.077,0.063,0.068,0.081,0.092,0.118,0.145,0.244,0.22,0.213,0.289,0.231,0.213,0.19,0.215,0.211,0.164,0.145,0.141,0.176,0.174,0.139,0.158,0.161,0.298,0.04,0.04,0.04,0.04,0.04,0.04,0.04,0.04,0.04,0.04,0.04,0.039,0.039,0.039,0.038,0.038,0.038,0.037,0.037,0.037,0.036,0.036,0.036,0.035,0.035,0.035,0.034,0.034,0.034,0.033,0.033,0.033,0.033,0.033,0.033,0.033,0.033,0.033,0.033,0.033,0.033,0.033,0.033,0.033,0.033,0.033,0.033,0.033,0.033,0.033,0.033,0.033,0.033,0.033,0.033,0.033,0.033,0.033,0.033,0.033,0.033,0.033,0.033,0.033,0.033,0.0280,0.0230,0.0310,0.0360,0.0530,0.0830,0.0810,0.0950,0.1090,0.1420,0.2090,0.1750,0.2420,0.2340,0.2600,0.3650,0.3200,0.2730,0.2520,0.3430,0.2550,0.3040,0.1530,0.2130,0.2510,1.0000,1.0000,1.0000,1.0000,1.0000
20,0.0045,0.0043,0.0042,0.004,0.0038,0.0037,0.0035,0.0034,0.0032,0.003,0.0029,0.0027,0.0026,0.0024,0.0022,0.0021,0.0019,0.0018,0.0016,0.0014,0.0013,0.0011,0.001,0.0008,0.0007,0.0005,0.0003,0.0002,0.0001,0.0001,0.0001,0.0001,0.0001,0.0001,0.0001,0.0001,0.0001,0.0001,0.0001,0.0001,0.0001,0.0001,0.0001,0.0001,0.0001,0.0405,0.039,0.0375,0.0363,0.0348,0.0333,0.0318,0.0303,0.0288,0.0275,0.0261,0.0246,0.0231,0.0216,0.0203,0,0,0,0,0,0,0,0,0,0,0,0,0,0,0,0,0,0,0,0,0,0,0,0,0,0,0,0,0,0,0.018,0.016,0.02,0.017,0.025,0.04,0.033,0.043,0.049,0.061,0.105,0.134,0.224,0.234,0.218,0.287,0.217,0.27,0.196,0.209,0.222,0.188,0.206,0.157,0.177,1,1,1,1,1,0.025,0.02,0.023,0.027,0.045,0.088,0.075,0.081,0.089,0.103,0.123,0.148,0.214,0.208,0.199,0.285,0.243,0.225,0.204,0.209,0.24,0.198,0.202,0.158,0.186,1,1,1,1,1,0.029,0.029,0.03,0.036,0.066,0.142,0.098,0.097,0.104,0.123,0.142,0.153,0.202,0.189,0.187,0.245,0.272,0.229,0.204,0.229,0.253,0.228,0.221,0.157,0.116,1,1,1,1,1,0.035,0.03,0.038,0.046,0.085,0.165,0.127,0.118,0.127,0.138,0.154,0.183,0.218,0.215,0.226,0.27,0.294,0.248,0.232,0.24,0.283,0.229,0.166,0.218,0.29,1,1,1,1,1,0,0,0.0188,0.0238,0.0388,0.08,0.055,0.066,0.0845,0.105,0.112,0.1125,0.176,0.1615,0.171,0.234,0.19,0.19,0.19,0.19,0.228,0.228,0.228,0.228,0.228,1,1,1,1,1,0.015,0.017,0.02,0.023,0.039,0.079,0.065,0.07,0.083,0.095,0.121,0.149,0.25,0.225,0.219,0.297,0.237,0.218,0.195,0.22,0.216,0.168,0.149,0.145,0.18,0.179,0.143,0.162,0.165,0.305,0.039,0.039,0.039,0.039,0.039,0.039,0.039,0.039,0.039,0.039,0.039,0.039,0.039,0.038,0.038,0.038,0.037,0.037,0.037,0.036,0.036,0.036,0.035,0.035,0.035,0.034,0.034,0.034,0.033,0.033,0.033,0.033,0.033,0.033,0.033,0.033,0.033,0.033,0.033,0.033,0.033,0.033,0.033,0.033,0.033,0.033,0.033,0.033,0.033,0.033,0.033,0.033,0.033,0.033,0.033,0.033,0.033,0.033,0.033,0.033,0.033,0.033,0.033,0.033,0.033,0.0390,0.0340,0.0430,0.0480,0.0650,0.0960,0.0940,0.1080,0.1220,0.1570,0.2260,0.1900,0.2600,0.2520,0.2780,0.3860,0.3400,0.2920,0.2700,0.3640,0.2740,0.3240,0.1680,0.2300,0.2690,1.0000,1.0000,1.0000,1.0000,1.0000
21,0.004,0.0039,0.0037,0.0035,0.0034,0.0032,0.0031,0.0029,0.0028,0.0026,0.0025,0.0023,0.0022,0.002,0.0019,0.0017,0.0016,0.0014,0.0013,0.0011,0.001,0.0008,0.0006,0.0005,0.0003,0.0002,0.0001,0.0001,0.0001,0.0001,0.0001,0.0001,0.0001,0.0001,0.0001,0.0001,0.0001,0.0001,0.0001,0.0001,0.0001,0.0001,0.0001,0.0001,0.0001,0.0384,0.0369,0.0355,0.034,0.0325,0.031,0.0295,0.0282,0.0267,0.0252,0.0237,0.0222,0.0207,0.0192,0,0,0,0,0,0,0,0,0,0,0,0,0,0,0,0,0,0,0,0,0,0,0,0,0,0,0,0,0,0,0,0.018,0.017,0.02,0.018,0.026,0.041,0.033,0.044,0.051,0.063,0.107,0.136,0.23,0.24,0.223,0.294,0.223,0.276,0.201,0.215,0.228,0.192,0.21,0.16,0.181,1,1,1,1,1,0.026,0.021,0.023,0.028,0.047,0.091,0.078,0.084,0.092,0.107,0.127,0.154,0.222,0.216,0.206,0.296,0.252,0.234,0.211,0.218,0.249,0.204,0.21,0.164,0.193,1,1,1,1,1,0.03,0.03,0.031,0.038,0.068,0.147,0.101,0.1,0.107,0.126,0.147,0.157,0.208,0.195,0.193,0.252,0.281,0.236,0.21,0.236,0.26,0.235,0.227,0.162,0.119,1,1,1,1,1,0.036,0.031,0.039,0.047,0.087,0.17,0.13,0.122,0.131,0.142,0.158,0.188,0.225,0.221,0.233,0.278,0.303,0.255,0.239,0.247,0.292,0.236,0.171,0.224,0.299,1,1,1,1,1,0,0,0.0193,0.0245,0.0399,0.0824,0.0567,0.068,0.087,0.1082,0.1154,0.1159,0.1813,0.1663,0.1761,0.241,0.1957,0.1957,0.1957,0.1957,0.2348,0.2348,0.2348,0.2348,0.2348,1,1,1,1,1,0.015,0.017,0.02,0.023,0.04,0.081,0.067,0.071,0.085,0.097,0.124,0.153,0.256,0.231,0.224,0.304,0.243,0.224,0.2,0.226,0.222,0.173,0.152,0.148,0.185,0.183,0.146,0.166,0.169,0.313,0.039,0.039,0.039,0.039,0.039,0.039,0.039,0.039,0.039,0.039,0.039,0.039,0.038,0.038,0.038,0.037,0.037,0.037,0.036,0.036,0.036,0.035,0.035,0.035,0.034,0.034,0.034,0.033,0.033,0.033,0.032,0.032,0.032,0.032,0.032,0.032,0.032,0.032,0.032,0.032,0.032,0.032,0.032,0.032,0.032,0.032,0.032,0.032,0.032,0.032,0.032,0.032,0.032,0.032,0.032,0.032,0.032,0.032,0.032,0.032,0.032,0.032,0.032,0.032,0.032,0.0410,0.0350,0.0440,0.0490,0.0670,0.0990,0.0970,0.1110,0.1260,0.1610,0.2330,0.1960,0.2680,0.2600,0.2860,0.3980,0.3500,0.3010,0.2780,0.3750,0.2820,0.3340,0.1730,0.2370,0.2770,1.0000,1.0000,1.0000,1.0000,1.0000
22,0.0036,0.0034,0.0033,0.0031,0.003,0.0028,0.0027,0.0025,0.0024,0.0022,0.0021,0.002,0.0018,0.0017,0.0015,0.0014,0.0012,0.0011,0.0009,0.0008,0.0006,0.0005,0.0004,0.0002,0.0001,0.0001,0.0001,0.0001,0.0001,0.0001,0.0001,0.0001,0.0001,0.0001,0.0001,0.0001,0.0001,0.0001,0.0001,0.0001,0.0001,0.0001,0.0001,0.0001,0.0001,0.036,0.0345,0.033,0.0316,0.0302,0.0287,0.0272,0.0257,0.0242,0.0227,0.0212,0.0197,0.0182,0,0,0,0,0,0,0,0,0,0,0,0,0,0,0,0,0,0,0,0,0,0,0,0,0,0,0,0,0,0,0,0,0.018,0.017,0.021,0.018,0.027,0.042,0.034,0.046,0.052,0.064,0.11,0.14,0.236,0.246,0.229,0.302,0.228,0.283,0.206,0.219,0.234,0.197,0.216,0.165,0.185,1,1,1,1,1,0.027,0.021,0.024,0.029,0.049,0.095,0.081,0.086,0.096,0.111,0.132,0.159,0.23,0.224,0.215,0.307,0.262,0.243,0.219,0.225,0.257,0.212,0.217,0.17,0.201,1,1,1,1,1,0.031,0.031,0.032,0.039,0.07,0.151,0.104,0.103,0.111,0.13,0.151,0.162,0.214,0.2,0.198,0.26,0.289,0.243,0.217,0.243,0.268,0.242,0.234,0.167,0.123,1,1,1,1,1,0.037,0.032,0.04,0.049,0.09,0.175,0.134,0.126,0.135,0.146,0.163,0.194,0.231,0.227,0.24,0.287,0.312,0.263,0.246,0.254,0.3,0.243,0.176,0.231,0.308,1,1,1,1,1,0,0,0.0199,0.0252,0.0411,0.0848,0.0583,0.07,0.0896,0.1113,0.1187,0.1193,0.1866,0.1712,0.1813,0.248,0.2014,0.2014,0.2014,0.2014,0.2417,0.2417,0.2417,0.2417,0.2417,1,1,1,1,1,0.016,0.018,0.021,0.024,0.041,0.083,0.068,0.073,0.087,0.099,0.127,0.156,0.262,0.237,0.23,0.312,0.249,0.229,0.205,0.231,0.227,0.177,0.156,0.152,0.19,0.188,0.15,0.17,0.174,0.32,0.038,0.038,0.038,0.038,0.038,0.038,0.038,0.038,0.038,0.038,0.038,0.038,0.038,0.037,0.037,0.037,0.037,0.036,0.036,0.036,0.035,0.035,0.035,0.034,0.034,0.034,0.033,0.033,0.033,0.033,0.032,0.032,0.032,0.032,0.032,0.032,0.032,0.032,0.032,0.032,0.032,0.032,0.032,0.032,0.032,0.032,0.032,0.032,0.032,0.032,0.032,0.032,0.032,0.032,0.032,0.032,0.032,0.032,0.032,0.032,0.032,0.032,0.032,0.032,0.032,0.0420,0.0360,0.0450,0.0510,0.0690,0.1020,0.1000,0.1140,0.1300,0.1660,0.2400,0.2020,0.2750,0.2670,0.2950,0.4090,0.3600,0.3100,0.2860,0.3860,0.2900,0.3430,0.1780,0.2440,0.2850,1.0000,1.0000,1.0000,1.0000,1.0000
23,0.0031,0.003,0.0029,0.0027,0.0026,0.0024,0.0023,0.0022,0.002,0.0019,0.0017,0.0016,0.0015,0.0013,0.0012,0.0011,0.0009,0.0008,0.0006,0.0005,0.0004,0.0002,0.0001,0.0001,0.0001,0.0001,0.0001,0.0001,0.0001,0.0001,0.0001,0.0001,0.0001,0.0001,0.0001,0.0001,0.0001,0.0001,0.0001,0.0001,0.0001,0.0001,0.0001,0.0001,0.0001,0.0337,0.0324,0.0307,0.0292,0.0277,0.0262,0.0248,0.0231,0.0218,0.0203,0.0188,0.0171,0,0,0,0,0,0,0,0,0,0,0,0,0,0,0,0,0,0,0,0,0,0,0,0,0,0,0,0,0,0,0,0,0,0.018,0.017,0.021,0.019,0.028,0.043,0.035,0.047,0.053,0.066,0.113,0.143,0.241,0.252,0.234,0.309,0.233,0.29,0.211,0.225,0.238,0.201,0.22,0.168,0.189,1,1,1,1,1,0.027,0.021,0.025,0.03,0.051,0.097,0.084,0.089,0.099,0.114,0.136,0.164,0.236,0.23,0.22,0.316,0.268,0.249,0.225,0.231,0.265,0.218,0.223,0.174,0.205,1,1,1,1,1,0.032,0.032,0.033,0.04,0.072,0.155,0.107,0.107,0.114,0.134,0.155,0.167,0.22,0.206,0.204,0.267,0.297,0.25,0.223,0.25,0.276,0.248,0.241,0.171,0.127,1,1,1,1,1,0.038,0.033,0.041,0.05,0.092,0.18,0.138,0.129,0.138,0.15,0.167,0.199,0.238,0.234,0.247,0.295,0.321,0.27,0.253,0.261,0.309,0.25,0.181,0.237,0.316,1,1,1,1,1,0,0,0.0205,0.0259,0.0423,0.0872,0.06,0.0719,0.0921,0.1145,0.1221,0.1226,0.1918,0.176,0.1864,0.2551,0.2071,0.2071,0.2071,0.2071,0.2485,0.2485,0.2485,0.2485,0.2485,1,1,1,1,1,0.016,0.018,0.021,0.024,0.042,0.085,0.07,0.075,0.089,0.101,0.129,0.16,0.268,0.242,0.235,0.319,0.254,0.234,0.209,0.236,0.232,0.181,0.159,0.155,0.194,0.192,0.153,0.174,0.177,0.327,0.038,0.038,0.038,0.038,0.038,0.038,0.038,0.038,0.038,0.038,0.038,0.038,0.037,0.037,0.037,0.037,0.036,0.036,0.036,0.035,0.035,0.035,0.034,0.034,0.034,0.033,0.033,0.033,0.033,0.032,0.032,0.032,0.032,0.032,0.032,0.032,0.032,0.032,0.032,0.032,0.032,0.032,0.032,0.032,0.032,0.032,0.032,0.032,0.032,0.032,0.032,0.032,0.032,0.032,0.032,0.032,0.032,0.032,0.032,0.032,0.032,0.032,0.032,0.032,0.032,0.0430,0.0370,0.0470,0.0520,0.0710,0.1050,0.1020,0.1180,0.1330,0.1710,0.2460,0.2080,0.2830,0.2750,0.3030,0.4210,0.3710,0.3180,0.2940,0.3970,0.2980,0.3530,0.1830,0.2510,0.2930,1.0000,1.0000,1.0000,1.0000,1.0000
24,0.0027,0.0026,0.0025,0.0023,0.0022,0.0021,0.0019,0.0018,0.0017,0.0015,0.0014,0.0013,0.0012,0.001,0.0009,0.0008,0.0006,0.0005,0.0004,0.0002,0.0001,0.0001,0.0001,0.0001,0.0001,0.0001,0.0001,0.0001,0.0001,0.0001,0.0001,0.0001,0.0001,0.0001,0.0001,0.0001,0.0001,0.0001,0.0001,0.0001,0.0001,0.0001,0.0001,0.0001,0.0001,0.0314,0.0299,0.0283,0.0268,0.0252,0.0238,0.0223,0.0207,0.0192,0.0177,0.016,0,0,0,0,0,0,0,0,0,0,0,0,0,0,0,0,0,0,0,0,0,0,0,0,0,0,0,0,0,0,0,0,0,0,0.019,0.017,0.021,0.019,0.028,0.044,0.036,0.048,0.054,0.067,0.114,0.146,0.246,0.256,0.239,0.315,0.238,0.296,0.215,0.229,0.243,0.205,0.224,0.172,0.193,1,1,1,1,1,0.027,0.022,0.026,0.03,0.051,0.099,0.084,0.091,0.1,0.116,0.138,0.166,0.24,0.235,0.224,0.321,0.273,0.254,0.228,0.235,0.269,0.221,0.227,0.177,0.208,1,1,1,1,1,0.033,0.033,0.034,0.041,0.074,0.16,0.11,0.11,0.117,0.138,0.16,0.171,0.227,0.212,0.21,0.275,0.306,0.257,0.229,0.257,0.284,0.255,0.248,0.176,0.13,1,1,1,1,1,0.039,0.034,0.043,0.052,0.095,0.185,0.142,0.133,0.142,0.155,0.172,0.205,0.244,0.24,0.253,0.303,0.33,0.277,0.26,0.269,0.317,0.257,0.186,0.244,0.325,1,1,1,1,1,0,0,0.021,0.0266,0.0434,0.0896,0.0616,0.0739,0.0946,0.1176,0.1254,0.126,0.1971,0.1809,0.1915,0.2621,0.2128,0.2128,0.2128,0.2128,0.2554,0.2554,0.2554,0.2554,0.2554,1,1,1,1,1,0.016,0.019,0.022,0.025,0.043,0.087,0.071,0.076,0.091,0.103,0.132,0.163,0.273,0.246,0.239,0.325,0.259,0.239,0.213,0.241,0.236,0.184,0.163,0.158,0.197,0.196,0.156,0.178,0.181,0.334,0.038,0.038,0.038,0.038,0.038,0.038,0.038,0.038,0.038,0.038,0.038,0.037,0.037,0.037,0.036,0.036,0.036,0.036,0.035,0.035,0.035,0.034,0.034,0.034,0.034,0.033,0.033,0.033,0.032,0.032,0.032,0.032,0.032,0.032,0.032,0.032,0.032,0.032,0.032,0.032,0.032,0.032,0.032,0.032,0.032,0.032,0.032,0.032,0.032,0.032,0.032,0.032,0.032,0.032,0.032,0.032,0.032,0.032,0.032,0.032,0.032,0.032,0.032,0.032,0.032,0.0440,0.0380,0.0480,0.0530,0.0730,0.1080,0.1050,0.1210,0.1370,0.1750,0.2530,0.2130,0.2910,0.2820,0.3110,0.4320,0.3810,0.3270,0.3020,0.4080,0.3060,0.3630,0.1880,0.2580,0.3010,1.0000,1.0000,1.0000,1.0000,1.0000
25,0.0024,0.0022,0.0021,0.002,0.0019,0.0017,0.0016,0.0015,0.0014,0.0012,0.0011,0.001,0.0009,0.0007,0.0006,0.0005,0.0004,0.0002,0.0001,0.0001,0.0001,0.0001,0.0001,0.0001,0.0001,0.0001,0.0001,0.0001,0.0001,0.0001,0.0001,0.0001,0.0001,0.0001,0.0001,0.0001,0.0001,0.0001,0.0001,0.0001,0.0001,0.0001,0.0001,0.0001,0.0001,0.0288,0.0273,0.0258,0.0243,0.0227,0.0212,0.0196,0.0181,0.0165,0.0151,0,0,0,0,0,0,0,0,0,0,0,0,0,0,0,0,0,0,0,0,0,0,0,0,0,0,0,0,0,0,0,0,0,0,0,0.019,0.017,0.022,0.02,0.029,0.045,0.036,0.049,0.055,0.068,0.117,0.149,0.25,0.261,0.244,0.321,0.243,0.301,0.219,0.234,0.248,0.209,0.229,0.175,0.197,1,1,1,1,1,0.027,0.021,0.025,0.03,0.051,0.1,0.085,0.091,0.1,0.118,0.139,0.168,0.243,0.237,0.227,0.325,0.276,0.256,0.232,0.238,0.272,0.225,0.23,0.179,0.212,1,1,1,1,1,0.049,0.049,0.05,0.058,0.091,0.179,0.128,0.128,0.136,0.157,0.179,0.191,0.248,0.233,0.231,0.297,0.329,0.279,0.25,0.279,0.306,0.277,0.27,0.196,0.149,1,1,1,1,1,0.055,0.05,0.059,0.068,0.113,0.205,0.16,0.151,0.161,0.174,0.192,0.225,0.266,0.262,0.275,0.326,0.354,0.3,0.282,0.291,0.341,0.279,0.206,0.265,0.349,1,1,1,1,1,0,0,0.0216,0.0273,0.0446,0.092,0.0633,0.0759,0.0972,0.1208,0.1288,0.1294,0.2024,0.1857,0.1967,0.2691,0.2185,0.2185,0.2185,0.2185,0.2622,0.2622,0.2622,0.2622,0.2622,1,1,1,1,1,0.016,0.019,0.022,0.026,0.044,0.088,0.072,0.078,0.092,0.105,0.134,0.166,0.278,0.251,0.244,0.331,0.264,0.243,0.217,0.246,0.241,0.188,0.166,0.161,0.201,0.199,0.159,0.181,0.184,0.34,0.037,0.037,0.037,0.037,0.037,0.037,0.037,0.037,0.037,0.037,0.037,0.037,0.037,0.036,0.036,0.036,0.036,0.035,0.035,0.035,0.034,0.034,0.034,0.034,0.033,0.033,0.033,0.032,0.032,0.032,0.031,0.031,0.031,0.031,0.031,0.031,0.031,0.031,0.031,0.031,0.031,0.031,0.031,0.031,0.031,0.031,0.031,0.031,0.031,0.031,0.031,0.031,0.031,0.031,0.031,0.031,0.031,0.031,0.031,0.031,0.031,0.031,0.031,0.031,0.031,0.0400,0.0340,0.0440,0.0500,0.0700,0.1050,0.1030,0.1190,0.1360,0.1750,0.2550,0.2140,0.2940,0.2850,0.3150,0.4390,0.3860,0.3310,0.3060,0.4140,0.3100,0.3680,0.1880,0.2600,0.3040,1.0000,1.0000,1.0000,1.0000,1.0000
26,0.002,0.0019,0.0018,0.0017,0.0015,0.0014,0.0013,0.0012,0.0011,0.001,0.0008,0.0007,0.0006,0.0005,0.0004,0.0002,0.0001,0.0001,0.0001,0.0001,0.0001,0.0001,0.0001,0.0001,0.0001,0.0001,0.0001,0.0001,0.0001,0.0001,0.0001,0.0001,0.0001,0.0001,0.0001,0.0001,0.0001,0.0001,0.0001,0.0001,0.0001,0.0001,0.0001,0.0001,0,0.0264,0.0249,0.0233,0.0216,0.0201,0.0185,0.017,0.0155,0.0139,0,0,0,0,0,0,0,0,0,0,0,0,0,0,0,0,0,0,0,0,0,0,0,0,0,0,0,0,0,0,0,0,0,0,0,0,0.019,0.018,0.022,0.02,0.029,0.046,0.037,0.05,0.056,0.069,0.119,0.151,0.255,0.266,0.248,0.327,0.247,0.307,0.223,0.238,0.253,0.212,0.233,0.178,0.201,1,1,1,1,1,0.027,0.022,0.026,0.03,0.052,0.102,0.086,0.093,0.102,0.12,0.142,0.171,0.247,0.242,0.23,0.331,0.281,0.261,0.236,0.242,0.277,0.228,0.233,0.182,0.215,1,1,1,1,1,0.05,0.05,0.051,0.059,0.093,0.184,0.132,0.131,0.139,0.16,0.184,0.196,0.254,0.239,0.236,0.305,0.337,0.286,0.257,0.286,0.314,0.284,0.276,0.201,0.153,1,1,1,1,1,0.056,0.051,0.06,0.069,0.115,0.21,0.164,0.155,0.165,0.178,0.196,0.231,0.273,0.268,0.282,0.334,0.362,0.307,0.289,0.298,0.349,0.286,0.211,0.272,0.357,1,1,1,1,1,0,0,0.0222,0.0281,0.0458,0.0944,0.0649,0.0779,0.0997,0.1239,0.1322,0.1328,0.2077,0.1906,0.2018,0.2761,0.2242,0.2242,0.2242,0.2242,0.269,0.269,0.269,0.269,0.269,1,1,1,1,1,0.017,0.019,0.023,0.026,0.044,0.09,0.074,0.079,0.094,0.107,0.137,0.169,0.284,0.256,0.248,0.337,0.269,0.248,0.221,0.25,0.245,0.191,0.169,0.164,0.205,0.203,0.162,0.184,0.188,0.346,0.037,0.037,0.037,0.037,0.037,0.037,0.037,0.037,0.037,0.037,0.037,0.037,0.036,0.036,0.036,0.035,0.035,0.035,0.035,0.034,0.034,0.034,0.034,0.033,0.033,0.033,0.032,0.032,0.032,0.032,0.031,0.031,0.031,0.031,0.031,0.031,0.031,0.031,0.031,0.031,0.031,0.031,0.031,0.031,0.031,0.031,0.031,0.031,0.031,0.031,0.031,0.031,0.031,0.031,0.031,0.031,0.031,0.031,0.031,0.031,0.031,0.031,0.031,0.031,0.031,0.0420,0.0350,0.0450,0.0510,0.0720,0.1080,0.1060,0.1220,0.1390,0.1800,0.2620,0.2200,0.3020,0.2920,0.3230,0.4510,0.3960,0.3400,0.3140,0.4250,0.3180,0.3770,0.1930,0.2670,0.3120,1.0000,1.0000,1.0000,1.0000,1.0000
27,0.0017,0.0016,0.0015,0.0014,0.0012,0.0011,0.001,0.0009,0.0008,0.0007,0.0006,0.0005,0.0004,0.0002,0.0001,0.0001,0.0001,0.0001,0.0001,0.0001,0.0001,0.0001,0.0001,0.0001,0.0001,0.0001,0.0001,0.0001,0.0001,0.0001,0.0001,0.0001,0.0001,0.0001,0.0001,0.0001,0.0001,0.0001,0.0001,0.0001,0.0001,0.0001,0.0001,0,0,0.0238,0.0222,0.0205,0.019,0.0175,0.0159,0.0143,0.0126,0,0,0,0,0,0,0,0,0,0,0,0,0,0,0,0,0,0,0,0,0,0,0,0,0,0,0,0,0,0,0,0,0,0,0,0,0,0.02,0.018,0.023,0.02,0.03,0.046,0.037,0.05,0.057,0.071,0.121,0.155,0.26,0.271,0.253,0.333,0.251,0.312,0.227,0.242,0.258,0.217,0.238,0.182,0.205,1,1,1,1,1,0.028,0.022,0.026,0.031,0.053,0.103,0.088,0.095,0.104,0.121,0.144,0.174,0.251,0.245,0.234,0.336,0.286,0.266,0.24,0.246,0.282,0.232,0.238,0.185,0.218,1,1,1,1,1,0.051,0.051,0.052,0.06,0.095,0.188,0.135,0.134,0.142,0.164,0.188,0.201,0.26,0.244,0.242,0.312,0.346,0.293,0.263,0.293,0.322,0.291,0.283,0.206,0.156,1,1,1,1,1,0.057,0.052,0.061,0.071,0.118,0.215,0.168,0.158,0.169,0.182,0.201,0.236,0.279,0.275,0.289,0.342,0.371,0.315,0.296,0.305,0.358,0.293,0.216,0.278,0.366,1,1,1,1,1,0,0,0.0227,0.0288,0.0469,0.0968,0.0666,0.0799,0.1022,0.1271,0.1355,0.1361,0.213,0.1954,0.2069,0.2831,0.2299,0.2299,0.2299,0.2299,0.2759,0.2759,0.2759,0.2759,0.2759,1,1,1,1,1,0.017,0.02,0.023,0.026,0.045,0.092,0.075,0.08,0.096,0.109,0.139,0.172,0.289,0.26,0.253,0.343,0.274,0.252,0.225,0.255,0.25,0.195,0.172,0.167,0.209,0.207,0.165,0.188,0.191,0.353,0.036,0.036,0.036,0.036,0.036,0.036,0.036,0.036,0.036,0.036,0.036,0.036,0.036,0.036,0.035,0.035,0.035,0.035,0.034,0.034,0.034,0.034,0.033,0.033,0.033,0.032,0.032,0.032,0.032,0.031,0.031,0.031,0.031,0.031,0.031,0.031,0.031,0.031,0.031,0.031,0.031,0.031,0.031,0.031,0.031,0.031,0.031,0.031,0.031,0.031,0.031,0.031,0.031,0.031,0.031,0.031,0.031,0.031,0.031,0.031,0.031,0.031,0.031,0.031,0.031,0.0430,0.0360,0.0470,0.0530,0.0740,0.1110,0.1090,0.1250,0.1430,0.1850,0.2690,0.2250,0.3090,0.3000,0.3310,0.4620,0.4060,0.3480,0.3220,0.4350,0.3260,0.3870,0.1980,0.2740,0.3200,1.0000,1.0000,1.0000,1.0000,1.0000
28,0.0015,0.0014,0.0013,0.0012,0.001,0.0009,0.0008,0.0007,0.0006,0.0005,0.0004,0.0003,0.0002,0.0001,0.0001,0.0001,0.0001,0.0001,0.0001,0.0001,0.0001,0.0001,0.0001,0.0001,0.0001,0.0001,0.0001,0.0001,0.0001,0.0001,0.0001,0.0001,0.0001,0.0001,0.0001,0.0001,0.0001,0.0001,0.0001,0.0001,0.0001,0.0001,0,0,0,0.0209,0.0193,0.0177,0.016,0.0146,0.0129,0.0113,0,0,0,0,0,0,0,0,0,0,0,0,0,0,0,0,0,0,0,0,0,0,0,0,0,0,0,0,0,0,0,0,0,0,0,0,0,0,0.02,0.018,0.024,0.02,0.031,0.047,0.038,0.051,0.059,0.072,0.124,0.158,0.266,0.277,0.259,0.341,0.257,0.32,0.232,0.248,0.263,0.222,0.243,0.185,0.209,1,1,1,1,1,0.029,0.023,0.026,0.032,0.055,0.106,0.091,0.098,0.108,0.126,0.15,0.18,0.261,0.255,0.243,0.349,0.297,0.276,0.248,0.255,0.292,0.241,0.246,0.193,0.226,1,1,1,1,1,0.052,0.052,0.053,0.061,0.097,0.193,0.138,0.137,0.145,0.168,0.193,0.205,0.266,0.25,0.248,0.32,0.354,0.3,0.269,0.3,0.329,0.298,0.29,0.211,0.16,1,1,1,1,1,0.058,0.053,0.062,0.072,0.12,0.22,0.172,0.162,0.172,0.186,0.205,0.242,0.286,0.281,0.295,0.35,0.38,0.322,0.303,0.312,0.366,0.299,0.221,0.285,0.375,1,1,1,1,1,0,0,0.0233,0.0295,0.0481,0.0992,0.0682,0.0818,0.1048,0.1302,0.1389,0.1395,0.2182,0.2003,0.212,0.2902,0.2356,0.2356,0.2356,0.2356,0.2827,0.2827,0.2827,0.2827,0.2827,1,1,1,1,1,0.017,0.02,0.024,0.027,0.046,0.094,0.077,0.082,0.098,0.112,0.142,0.176,0.295,0.266,0.259,0.351,0.28,0.258,0.231,0.261,0.256,0.199,0.176,0.171,0.213,0.211,0.169,0.192,0.195,0.361,0.036,0.036,0.036,0.036,0.036,0.036,0.036,0.036,0.036,0.036,0.036,0.036,0.036,0.035,0.035,0.035,0.035,0.034,0.034,0.034,0.034,0.033,0.033,0.033,0.032,0.032,0.032,0.032,0.031,0.031,0.031,0.031,0.031,0.031,0.031,0.031,0.031,0.031,0.031,0.031,0.031,0.031,0.031,0.031,0.031,0.031,0.031,0.031,0.031,0.031,0.031,0.031,0.031,0.031,0.031,0.031,0.031,0.031,0.031,0.031,0.031,0.031,0.031,0.031,0.031,0.0440,0.0370,0.0480,0.0540,0.0760,0.1140,0.1120,0.1290,0.1470,0.1890,0.2750,0.2310,0.3170,0.3070,0.3400,0.4740,0.4170,0.3570,0.3300,0.4460,0.3340,0.3970,0.2030,0.2810,0.3280,1.0000,1.0000,1.0000,1.0000,1.0000
29,0.0013,0.0012,0.0011,0.0009,0.0008,0.0007,0.0006,0.0005,0.0004,0.0003,0.0002,0.0001,0.0001,0.0001,0.0001,0.0001,0.0001,0.0001,0.0001,0.0001,0.0001,0.0001,0.0001,0.0001,0.0001,0.0001,0.0001,0.0001,0.0001,0.0001,0.0001,0.0001,0.0001,0.0001,0.0001,0.0001,0.0001,0.0001,0.0001,0.0001,0.0001,0,0,0,0,0.018,0.0163,0.0147,0.0132,0.0117,0.0101,0,0,0,0,0,0,0,0,0,0,0,0,0,0,0,0,0,0,0,0,0,0,0,0,0,0,0,0,0,0,0,0,0,0,0,0,0,0,0,0.021,0.019,0.024,0.021,0.032,0.049,0.04,0.053,0.06,0.075,0.128,0.163,0.273,0.285,0.266,0.35,0.264,0.329,0.239,0.255,0.271,0.228,0.25,0.191,0.215,1,1,1,1,1,0.031,0.025,0.028,0.034,0.058,0.113,0.097,0.104,0.115,0.133,0.158,0.191,0.275,0.269,0.256,0.368,0.314,0.29,0.262,0.269,0.309,0.255,0.26,0.203,0.24,1,1,1,1,1,0.053,0.053,0.054,0.062,0.1,0.197,0.141,0.14,0.149,0.172,0.197,0.21,0.273,0.256,0.254,0.327,0.362,0.307,0.275,0.307,0.337,0.305,0.297,0.216,0.163,1,1,1,1,1,0.059,0.054,0.063,0.073,0.123,0.225,0.176,0.165,0.176,0.19,0.21,0.247,0.292,0.287,0.302,0.358,0.389,0.33,0.31,0.32,0.375,0.306,0.226,0.291,0.384,1,1,1,1,1,0,0,0.0238,0.0302,0.0492,0.1016,0.0699,0.0838,0.1073,0.1334,0.1422,0.1429,0.2235,0.2051,0.2172,0.2972,0.2413,0.2413,0.2413,0.2413,0.2896,0.2896,0.2896,0.2896,0.2896,1,1,1,1,1,0.018,0.021,0.024,0.028,0.047,0.096,0.079,0.085,0.101,0.115,0.146,0.181,0.303,0.274,0.266,0.361,0.288,0.265,0.237,0.268,0.263,0.204,0.18,0.176,0.219,0.217,0.173,0.197,0.201,0.371,0.036,0.036,0.036,0.036,0.036,0.036,0.036,0.036,0.036,0.036,0.036,0.036,0.035,0.035,0.035,0.035,0.034,0.034,0.034,0.034,0.033,0.033,0.033,0.032,0.032,0.032,0.032,0.031,0.031,0.031,0.031,0.031,0.031,0.031,0.031,0.031,0.031,0.031,0.031,0.031,0.031,0.031,0.031,0.031,0.031,0.031,0.031,0.031,0.031,0.031,0.031,0.031,0.031,0.031,0.031,0.031,0.031,0.031,0.031,0.031,0.031,0.031,0.031,0.031,0.031,0.0450,0.0380,0.0490,0.0560,0.0780,0.1170,0.1140,0.1320,0.1500,0.1940,0.2820,0.2370,0.3250,0.3150,0.3480,0.4850,0.4270,0.3660,0.3380,0.4570,0.3420,0.4060,0.2080,0.2880,0.3360,1.0000,1.0000,1.0000,1.0000,1.0000
30,0.0011,0.001,0.0009,0.0007,0.0006,0.0005,0.0004,0.0003,0.0002,0.0001,0.0001,0.0001,0.0001,0.0001,0.0001,0.0001,0.0001,0.0001,0.0001,0.0001,0.0001,0.0001,0.0001,0.0001,0.0001,0.0001,0.0001,0.0001,0.0001,0.0001,0.0001,0.0001,0.0001,0.0001,0.0001,0.0001,0.0001,0.0001,0.0001,0.0001,0,0,0,0,0,0.015,0.0135,0.0118,0.0103,0.0087,0,0,0,0,0,0,0,0,0,0,0,0,0,0,0,0,0,0,0,0,0,0,0,0,0,0,0,0,0,0,0,0,0,0,0,0,0,0,0,0,0.021,0.019,0.024,0.021,0.031,0.049,0.04,0.053,0.061,0.076,0.13,0.166,0.28,0.292,0.271,0.358,0.27,0.337,0.245,0.261,0.277,0.233,0.255,0.195,0.219,1,1,1,1,1,0.031,0.025,0.028,0.034,0.059,0.117,0.1,0.107,0.118,0.138,0.164,0.199,0.288,0.281,0.268,0.386,0.328,0.304,0.274,0.282,0.323,0.266,0.272,0.212,0.251,1,1,1,1,1,0.094,0.094,0.095,0.104,0.142,0.241,0.184,0.183,0.192,0.216,0.241,0.255,0.319,0.302,0.299,0.374,0.411,0.354,0.322,0.354,0.385,0.352,0.343,0.26,0.207,1,1,1,1,1,0.095,0.09,0.099,0.11,0.16,0.265,0.214,0.204,0.215,0.229,0.25,0.288,0.334,0.329,0.344,0.401,0.433,0.372,0.352,0.362,0.418,0.348,0.266,0.333,0.427,1,1,1,1,1,0,0,0.0244,0.0309,0.0504,0.104,0.0715,0.0858,0.1099,0.1365,0.1456,0.1463,0.2288,0.21,0.2223,0.3042,0.247,0.247,0.247,0.247,0.2964,0.2964,0.2964,0.2964,0.2964,1,1,1,1,1,0.018,0.021,0.025,0.029,0.049,0.099,0.081,0.087,0.103,0.118,0.15,0.186,0.311,0.281,0.273,0.37,0.295,0.272,0.243,0.275,0.27,0.21,0.185,0.18,0.225,0.223,0.178,0.202,0.206,0.38,0.035,0.035,0.035,0.035,0.035,0.035,0.035,0.035,0.035,0.035,0.035,0.035,0.035,0.035,0.035,0.034,0.034,0.034,0.034,0.033,0.033,0.033,0.033,0.032,0.032,0.032,0.031,0.031,0.031,0.031,0.03,0.03,0.03,0.03,0.03,0.03,0.03,0.03,0.03,0.03,0.03,0.03,0.03,0.03,0.03,0.03,0.03,0.03,0.03,0.03,0.03,0.03,0.03,0.03,0.03,0.03,0.03,0.03,0.03,0.03,0.03,0.03,0.03,0.03,0.03,0.0910,0.0840,0.0960,0.1020,0.1250,0.1650,0.1620,0.1800,0.1990,0.2440,0.3340,0.2880,0.3780,0.3680,0.4010,0.5420,0.4820,0.4200,0.3910,0.5130,0.3960,0.4610,0.2580,0.3400,0.3890,1.0000,1.0000,1.0000,1.0000,1.0000
31,0.0009,0.0008,0.0007,0.0005,0.0004,0.0003,0.0002,0.0001,0.0001,0.0001,0.0001,0.0001,0.0001,0.0001,0.0001,0.0001,0.0001,0.0001,0.0001,0.0001,0.0001,0.0001,0.0001,0.0001,0.0001,0.0001,0.0001,0.0001,0.0001,0.0001,0.0001,0.0001,0.0001,0.0001,0.0001,0.0001,0.0001,0.0001,0.0001,0,0,0,0,0,0,0.0121,0.0105,0.0088,0.0073,0,0,0,0,0,0,0,0,0,0,0,0,0,0,0,0,0,0,0,0,0,0,0,0,0,0,0,0,0,0,0,0,0,0,0,0,0,0,0,0,0,0.021,0.019,0.024,0.021,0.032,0.051,0.041,0.055,0.063,0.077,0.133,0.171,0.287,0.299,0.279,0.368,0.277,0.346,0.251,0.268,0.285,0.24,0.263,0.2,0.226,1,1,1,1,1,0.033,0.026,0.03,0.036,0.063,0.124,0.105,0.113,0.125,0.145,0.173,0.209,0.303,0.295,0.281,0.405,0.345,0.32,0.288,0.296,0.34,0.279,0.285,0.223,0.263,1,1,1,1,1,0.096,0.095,0.096,0.105,0.144,0.246,0.187,0.186,0.195,0.22,0.246,0.259,0.325,0.308,0.305,0.382,0.419,0.361,0.328,0.361,0.393,0.359,0.35,0.265,0.211,1,1,1,1,1,0.096,0.09,0.101,0.111,0.163,0.27,0.218,0.208,0.219,0.234,0.254,0.293,0.34,0.335,0.351,0.41,0.442,0.379,0.359,0.369,0.427,0.355,0.271,0.339,0.436,1,1,1,1,1,0,0,0.025,0.0316,0.0516,0.1064,0.0732,0.0878,0.1124,0.1397,0.149,0.1496,0.2341,0.2148,0.2274,0.3112,0.2527,0.2527,0.2527,0.2527,0.3032,0.3032,0.3032,0.3032,0.3032,1,1,1,1,1,0.019,0.022,0.026,0.029,0.05,0.102,0.083,0.089,0.106,0.121,0.154,0.191,0.32,0.288,0.28,0.38,0.303,0.279,0.249,0.282,0.276,0.215,0.19,0.185,0.231,0.229,0.183,0.208,0.211,0.39,0.035,0.035,0.035,0.035,0.035,0.035,0.035,0.035,0.035,0.035,0.035,0.035,0.035,0.035,0.035,0.034,0.034,0.034,0.034,0.033,0.033,0.033,0.033,0.032,0.032,0.032,0.031,0.031,0.031,0.031,0.03,0.03,0.03,0.03,0.03,0.03,0.03,0.03,0.03,0.03,0.03,0.03,0.03,0.03,0.03,0.03,0.03,0.03,0.03,0.03,0.03,0.03,0.03,0.03,0.03,0.03,0.03,0.03,0.03,0.03,0.03,0.03,0.03,0.03,0.03,0.0920,0.0850,0.0970,0.1030,0.1270,0.1680,0.1650,0.1830,0.2030,0.2480,0.3410,0.2930,0.3860,0.3750,0.4100,0.5540,0.4920,0.4280,0.3990,0.5240,0.4040,0.4710,0.2630,0.3460,0.3980,1.0000,1.0000,1.0000,1.0000,1.0000
32,0.0007,0.0006,0.0004,0.0003,0.0002,0.0001,0.0001,0.0001,0.0001,0.0001,0.0001,0.0001,0.0001,0.0001,0.0001,0.0001,0.0001,0.0001,0.0001,0.0001,0.0001,0.0001,0.0001,0.0001,0.0001,0.0001,0.0001,0.0001,0.0001,0.0001,0.0001,0.0001,0.0001,0.0001,0.0001,0.0001,0.0001,0.0001,0,0,0,0,0,0,0,0.0091,0.0075,0.0061,0,0,0,0,0,0,0,0,0,0,0,0,0,0,0,0,0,0,0,0,0,0,0,0,0,0,0,0,0,0,0,0,0,0,0,0,0,0,0,0,0,0,0.022,0.02,0.025,0.022,0.033,0.052,0.042,0.056,0.064,0.079,0.136,0.175,0.294,0.307,0.286,0.377,0.284,0.355,0.257,0.275,0.292,0.246,0.27,0.205,0.231,1,1,1,1,1,0.035,0.027,0.032,0.038,0.066,0.129,0.11,0.118,0.13,0.153,0.181,0.219,0.317,0.31,0.295,0.425,0.361,0.335,0.302,0.311,0.356,0.293,0.299,0.234,0.276,1,1,1,1,1,0.097,0.096,0.097,0.106,0.146,0.25,0.19,0.189,0.199,0.223,0.25,0.264,0.331,0.314,0.311,0.389,0.427,0.368,0.334,0.368,0.4,0.366,0.357,0.27,0.214,1,1,1,1,1,0.097,0.091,0.102,0.113,0.165,0.274,0.222,0.211,0.223,0.238,0.259,0.299,0.347,0.342,0.358,0.418,0.45,0.387,0.366,0.376,0.435,0.362,0.276,0.346,0.445,1,1,1,1,1,0,0,0.0255,0.0323,0.0527,0.1088,0.0748,0.0898,0.1149,0.1428,0.1523,0.153,0.2394,0.2196,0.2326,0.3182,0.2584,0.2584,0.2584,0.2584,0.3101,0.3101,0.3101,0.3101,0.3101,1,1,1,1,1,0.019,0.022,0.026,0.03,0.051,0.104,0.085,0.091,0.109,0.124,0.158,0.195,0.328,0.295,0.287,0.389,0.31,0.286,0.256,0.289,0.283,0.221,0.195,0.19,0.237,0.234,0.187,0.213,0.217,0.4,0.035,0.035,0.035,0.035,0.035,0.035,0.035,0.035,0.035,0.035,0.035,0.035,0.035,0.035,0.035,0.034,0.034,0.034,0.034,0.033,0.033,0.033,0.033,0.032,0.032,0.032,0.031,0.031,0.031,0.031,0.03,0.03,0.03,0.03,0.03,0.03,0.03,0.03,0.03,0.03,0.03,0.03,0.03,0.03,0.03,0.03,0.03,0.03,0.03,0.03,0.03,0.03,0.03,0.03,0.03,0.03,0.03,0.03,0.03,0.03,0.03,0.03,0.03,0.03,0.03,0.0940,0.0860,0.0980,0.1050,0.1290,0.1710,0.1680,0.1870,0.2060,0.2530,0.3470,0.2990,0.3930,0.3830,0.4180,0.5650,0.5020,0.4370,0.4070,0.5350,0.4120,0.4810,0.2680,0.3530,0.4060,1.0000,1.0000,1.0000,1.0000,1.0000
33,0.0005,0.0004,0.0002,0.0001,0.0001,0.0001,0.0001,0.0001,0.0001,0.0001,0.0001,0.0001,0.0001,0.0001,0.0001,0.0001,0.0001,0.0001,0.0001,0.0001,0.0001,0.0001,0.0001,0.0001,0.0001,0.0001,0.0001,0.0001,0.0001,0.0001,0.0001,0.0001,0.0001,0.0001,0.0001,0.0001,0.0001,0,0,0,0,0,0,0,0,0.0063,0.0046,0,0,0,0,0,0,0,0,0,0,0,0,0,0,0,0,0,0,0,0,0,0,0,0,0,0,0,0,0,0,0,0,0,0,0,0,0,0,0,0,0,0,0,0.023,0.02,0.025,0.022,0.033,0.053,0.043,0.057,0.065,0.081,0.139,0.178,0.3,0.313,0.291,0.384,0.29,0.361,0.262,0.279,0.297,0.25,0.274,0.209,0.236,1,1,1,1,1,0.035,0.028,0.032,0.039,0.068,0.132,0.113,0.121,0.134,0.156,0.186,0.224,0.324,0.317,0.302,0.435,0.369,0.343,0.309,0.317,0.364,0.299,0.307,0.239,0.282,1,1,1,1,1,0.098,0.097,0.098,0.107,0.148,0.255,0.193,0.192,0.202,0.227,0.255,0.269,0.337,0.319,0.317,0.397,0.436,0.375,0.341,0.375,0.408,0.373,0.364,0.275,0.218,1,1,1,1,1,0.098,0.092,0.103,0.114,0.168,0.279,0.226,0.215,0.226,0.242,0.264,0.304,0.353,0.348,0.364,0.426,0.459,0.394,0.373,0.383,0.444,0.369,0.281,0.353,0.453,1,1,1,1,1,0,0,0.0261,0.033,0.0539,0.1112,0.0765,0.0917,0.1175,0.146,0.1557,0.1564,0.2446,0.2245,0.2377,0.3253,0.2641,0.2641,0.2641,0.2641,0.3169,0.3169,0.3169,0.3169,0.3169,1,1,1,1,1,0.02,0.023,0.027,0.031,0.053,0.108,0.088,0.094,0.112,0.128,0.163,0.202,0.338,0.305,0.297,0.402,0.321,0.296,0.264,0.299,0.293,0.228,0.201,0.196,0.244,0.242,0.193,0.22,0.224,0.413,0.035,0.035,0.035,0.035,0.035,0.035,0.035,0.035,0.035,0.035,0.035,0.035,0.035,0.035,0.035,0.034,0.034,0.034,0.034,0.033,0.033,0.033,0.033,0.032,0.032,0.032,0.031,0.031,0.031,0.031,0.03,0.03,0.03,0.03,0.03,0.03,0.03,0.03,0.03,0.03,0.03,0.03,0.03,0.03,0.03,0.03,0.03,0.03,0.03,0.03,0.03,0.03,0.03,0.03,0.03,0.03,0.03,0.03,0.03,0.03,0.03,0.03,0.03,0.03,0.03,0.0950,0.0870,0.0990,0.1060,0.1300,0.1730,0.1710,0.1900,0.2100,0.2580,0.3540,0.3050,0.4010,0.3900,0.4260,0.5770,0.5130,0.4460,0.4150,0.5460,0.4200,0.4900,0.2740,0.3600,0.4140,1.0000,1.0000,1.0000,1.0000,1.0000
34,0.0003,0.0001,0.0001,0.0001,0.0001,0.0001,0.0001,0.0001,0.0001,0.0001,0.0001,0.0001,0.0001,0.0001,0.0001,0.0001,0.0001,0.0001,0.0001,0.0001,0.0001,0.0001,0.0001,0.0001,0.0001,0.0001,0.0001,0.0001,0.0001,0.0001,0.0001,0.0001,0.0001,0.0001,0.0001,0.0001,0,0,0,0,0,0,0,0,0,0.0033,0,0,0,0,0,0,0,0,0,0,0,0,0,0,0,0,0,0,0,0,0,0,0,0,0,0,0,0,0,0,0,0,0,0,0,0,0,0,0,0,0,0,0,0,0.023,0.021,0.026,0.022,0.034,0.054,0.044,0.058,0.066,0.082,0.141,0.18,0.303,0.317,0.295,0.389,0.293,0.365,0.265,0.283,0.3,0.253,0.277,0.212,0.238,1,1,1,1,1,0.035,0.028,0.032,0.039,0.068,0.132,0.113,0.121,0.134,0.156,0.186,0.224,0.324,0.317,0.302,0.435,0.369,0.343,0.309,0.317,0.364,0.299,0.307,0.239,0.282,1,1,1,1,1,0.099,0.099,0.1,0.109,0.15,0.259,0.196,0.195,0.205,0.231,0.259,0.274,0.344,0.325,0.322,0.404,0.444,0.382,0.347,0.382,0.416,0.38,0.371,0.28,0.222,1,1,1,1,1,0.099,0.093,0.104,0.115,0.17,0.284,0.23,0.218,0.23,0.246,0.268,0.31,0.36,0.355,0.371,0.434,0.468,0.402,0.38,0.391,0.452,0.376,0.286,0.359,0.462,1,1,1,1,1,0,0,0.0267,0.0338,0.0551,0.1136,0.0781,0.0937,0.12,0.1491,0.159,0.1598,0.2499,0.2293,0.2428,0.3323,0.2698,0.2698,0.2698,0.2698,0.3238,0.3238,0.3238,0.3238,0.3238,1,1,1,1,1,0.021,0.024,0.028,0.032,0.055,0.112,0.091,0.098,0.117,0.133,0.17,0.21,0.352,0.317,0.308,0.418,0.334,0.307,0.275,0.311,0.305,0.237,0.209,0.204,0.254,0.252,0.201,0.229,0.233,0.43,0.035,0.035,0.035,0.035,0.035,0.035,0.035,0.035,0.035,0.035,0.035,0.035,0.035,0.035,0.035,0.034,0.034,0.034,0.034,0.033,0.033,0.033,0.033,0.032,0.032,0.032,0.031,0.031,0.031,0.031,0.03,0.03,0.03,0.03,0.03,0.03,0.03,0.03,0.03,0.03,0.03,0.03,0.03,0.03,0.03,0.03,0.03,0.03,0.03,0.03,0.03,0.03,0.03,0.03,0.03,0.03,0.03,0.03,0.03,0.03,0.03,0.03,0.03,0.03,0.03,0.0960,0.0890,0.1010,0.1080,0.1320,0.1760,0.1730,0.1930,0.2140,0.2620,0.3610,0.3100,0.4090,0.3980,0.4350,0.5880,0.5230,0.4550,0.4230,0.5570,0.4290,0.5000,0.2790,0.3670,0.4220,1.0000,1.0000,1.0000,1.0000,1.0000
35,0.0001,0.0001,0.0001,0.0001,0.0001,0.0001,0.0001,0.0001,0.0001,0.0001,0.0001,0.0001,0.0001,0.0001,0.0001,0.0001,0.0001,0.0001,0.0001,0.0001,0.0001,0.0001,0.0001,0.0001,0.0001,0.0001,0.0001,0.0001,0.0001,0.0001,0.0001,0.0001,0.0001,0.0001,0.0001,0,0,0,0,0,0,0,0,0,0,0,0,0,0,0,0,0,0,0,0,0,0,0,0,0,0,0,0,0,0,0,0,0,0,0,0,0,0,0,0,0,0,0,0,0,0,0,0,0,0,0,0,0,0,0,0.023,0.021,0.026,0.022,0.034,0.054,0.044,0.058,0.067,0.083,0.142,0.182,0.307,0.321,0.298,0.393,0.297,0.369,0.268,0.286,0.304,0.256,0.281,0.214,0.241,1,1,1,1,1,0.035,0.028,0.032,0.039,0.068,0.132,0.113,0.121,0.134,0.156,0.186,0.224,0.324,0.317,0.302,0.435,0.369,0.343,0.309,0.317,0.364,0.299,0.307,0.239,0.282,1,1,1,1,1,0.1,0.1,0.101,0.11,0.152,0.263,0.199,0.198,0.208,0.235,0.263,0.278,0.35,0.331,0.328,0.412,0.452,0.389,0.353,0.389,0.424,0.387,0.377,0.285,0.225,1,1,1,1,1,0.1,0.094,0.105,0.117,0.173,0.289,0.233,0.222,0.234,0.25,0.273,0.315,0.367,0.361,0.378,0.442,0.477,0.409,0.387,0.398,0.461,0.383,0.291,0.366,0.471,1,1,1,1,1,0,0,0.0272,0.0345,0.0562,0.116,0.0798,0.0957,0.1225,0.1523,0.1624,0.1631,0.2552,0.2342,0.248,0.3393,0.2755,0.2755,0.2755,0.2755,0.3306,0.3306,0.3306,0.3306,0.3306,1,1,1,1,1,0.022,0.025,0.029,0.033,0.057,0.116,0.095,0.102,0.121,0.138,0.176,0.218,0.366,0.33,0.32,0.435,0.347,0.319,0.286,0.323,0.316,0.246,0.218,0.212,0.264,0.262,0.209,0.238,0.242,0.447,0.035,0.035,0.035,0.035,0.035,0.035,0.035,0.035,0.035,0.035,0.035,0.035,0.035,0.035,0.035,0.034,0.034,0.034,0.034,0.033,0.033,0.033,0.033,0.032,0.032,0.032,0.031,0.031,0.031,0.031,0.03,0.03,0.03,0.03,0.03,0.03,0.03,0.03,0.03,0.03,0.03,0.03,0.03,0.03,0.03,0.03,0.03,0.03,0.03,0.03,0.03,0.03,0.03,0.03,0.03,0.03,0.03,0.03,0.03,0.03,0.03,0.03,0.03,0.03,0.03,0.0970,0.0900,0.1020,0.1090,0.1340,0.1790,0.1760,0.1960,0.2170,0.2670,0.3680,0.3160,0.4170,0.4050,0.4430,0.6000,0.5330,0.4630,0.4320,0.5680,0.4370,0.5100,0.2840,0.3740,0.4300,1.0000,1.0000,1.0000,1.0000,1.0000
36,0.0001,0.0001,0.0001,0.0001,0.0001,0.0001,0.0001,0.0001,0.0001,0.0001,0.0001,0.0001,0.0001,0.0001,0.0001,0.0001,0.0001,0.0001,0.0001,0.0001,0.0001,0.0001,0.0001,0.0001,0.0001,0.0001,0.0001,0.0001,0.0001,0.0001,0.0001,0.0001,0.0001,0.0001,0,0,0,0,0,0,0,0,0,0,0,0,0,0,0,0,0,0,0,0,0,0,0,0,0,0,0,0,0,0,0,0,0,0,0,0,0,0,0,0,0,0,0,0,0,0,0,0,0,0,0,0,0,0,0,0,0,0.021,0.027,0.023,0.035,0.055,0.044,0.059,0.068,0.084,0.144,0.184,0.311,0.323,0.302,0.398,0.3,0.374,0.272,0.29,0.307,0.259,0.284,0.217,0.244,1,1,1,1,1,0,0.028,0.032,0.039,0.068,0.132,0.113,0.121,0.134,0.156,0.186,0.224,0.324,0.317,0.302,0.435,0.369,0.343,0.309,0.317,0.364,0.299,0.307,0.239,0.282,1,1,1,1,1,0,0.1,0.101,0.11,0.152,0.263,0.199,0.198,0.208,0.235,0.263,0.278,0.35,0.331,0.328,0.412,0.452,0.389,0.353,0.389,0.424,0.387,0.377,0.285,0.225,1,1,1,1,1,0,0.094,0.105,0.117,0.173,0.289,0.233,0.222,0.234,0.25,0.273,0.315,0.367,0.361,0.378,0.442,0.477,0.409,0.387,0.398,0.461,0.383,0.291,0.366,0.471,1,1,1,1,1,0,0,0.0272,0.0345,0.0562,0.116,0.0798,0.0957,0.1225,0.1523,0.1624,0.1631,0.2552,0.2342,0.248,0.3393,0.2755,0.2755,0.2755,0.2755,0.3306,0.3306,0.3306,0.3306,0.3306,1,1,1,1,1,0,0.026,0.03,0.035,0.059,0.121,0.099,0.106,0.126,0.143,0.183,0.226,0.379,0.342,0.332,0.451,0.359,0.331,0.296,0.335,0.328,0.256,0.226,0.219,0.274,0.271,0.217,0.246,0.251,0.463,0.035,0.035,0.035,0.035,0.035,0.035,0.035,0.035,0.035,0.035,0.035,0.035,0.035,0.035,0.035,0.034,0.034,0.034,0.034,0.033,0.033,0.033,0.033,0.032,0.032,0.032,0.031,0.031,0.031,0.031,0.03,0.03,0.03,0.03,0.03,0.03,0.03,0.03,0.03,0.03,0.03,0.03,0.03,0.03,0.03,0.03,0.03,0.03,0.03,0.03,0.03,0.03,0.03,0.03,0.03,0.03,0.03,0.03,0.03,0.03,0.03,0.03,0.03,0.03,0.03,0.0000,0.0900,0.1020,0.1090,0.1340,0.1790,0.1760,0.1960,0.2170,0.2670,0.3680,0.3160,0.4170,0.4050,0.4430,0.6000,0.5330,0.4630,0.4320,0.5680,0.4370,0.5100,0.2840,0.3740,0.4300,1.0000,1.0000,1.0000,1.0000,1.0000
37,0.0001,0.0001,0.0001,0.0001,0.0001,0.0001,0.0001,0.0001,0.0001,0.0001,0.0001,0.0001,0.0001,0.0001,0.0001,0.0001,0.0001,0.0001,0.0001,0.0001,0.0001,0.0001,0.0001,0.0001,0.0001,0.0001,0.0001,0.0001,0.0001,0.0001,0.0001,0.0001,0.0001,0,0,0,0,0,0,0,0,0,0,0,0,0,0,0,0,0,0,0,0,0,0,0,0,0,0,0,0,0,0,0,0,0,0,0,0,0,0,0,0,0,0,0,0,0,0,0,0,0,0,0,0,0,0,0,0,0,0,0,0.027,0.023,0.035,0.055,0.044,0.059,0.069,0.085,0.146,0.186,0.314,0.327,0.305,0.402,0.304,0.378,0.274,0.293,0.311,0.262,0.287,0.22,0.247,1,1,1,1,1,0,0,0.032,0.039,0.068,0.132,0.113,0.121,0.134,0.156,0.186,0.224,0.324,0.317,0.302,0.435,0.369,0.343,0.309,0.317,0.364,0.299,0.307,0.239,0.282,1,1,1,1,1,0,0,0.101,0.11,0.152,0.263,0.199,0.198,0.208,0.235,0.263,0.278,0.35,0.331,0.328,0.412,0.452,0.389,0.353,0.389,0.424,0.387,0.377,0.285,0.225,1,1,1,1,1,0,0,0.105,0.117,0.173,0.289,0.233,0.222,0.234,0.25,0.273,0.315,0.367,0.361,0.378,0.442,0.477,0.409,0.387,0.398,0.461,0.383,0.291,0.366,0.471,1,1,1,1,1,0,0,0.0272,0.0345,0.0562,0.116,0.0798,0.0957,0.1225,0.1523,0.1624,0.1631,0.2552,0.2342,0.248,0.3393,0.2755,0.2755,0.2755,0.2755,0.3306,0.3306,0.3306,0.3306,0.3306,1,1,1,1,1,0,0,0.031,0.036,0.061,0.125,0.102,0.11,0.13,0.149,0.19,0.234,0.393,0.354,0.344,0.467,0.372,0.343,0.307,0.347,0.34,0.265,0.234,0.227,0.284,0.281,0.225,0.255,0.26,0.48,0.035,0.035,0.035,0.035,0.035,0.035,0.035,0.035,0.035,0.035,0.035,0.035,0.035,0.035,0.035,0.034,0.034,0.034,0.034,0.033,0.033,0.033,0.033,0.032,0.032,0.032,0.031,0.031,0.031,0.031,0.03,0.03,0.03,0.03,0.03,0.03,0.03,0.03,0.03,0.03,0.03,0.03,0.03,0.03,0.03,0.03,0.03,0.03,0.03,0.03,0.03,0.03,0.03,0.03,0.03,0.03,0.03,0.03,0.03,0.03,0.03,0.03,0.03,0.03,0.03,0.0000,0.0000,0.1020,0.1090,0.1340,0.1790,0.1760,0.1960,0.2170,0.2670,0.3680,0.3160,0.4170,0.4050,0.4430,0.6000,0.5330,0.4630,0.4320,0.5680,0.4370,0.5100,0.2840,0.3740,0.4300,1.0000,1.0000,1.0000,1.0000,1.0000
38,0.0001,0.0001,0.0001,0.0001,0.0001,0.0001,0.0001,0.0001,0.0001,0.0001,0.0001,0.0001,0.0001,0.0001,0.0001,0.0001,0.0001,0.0001,0.0001,0.0001,0.0001,0.0001,0.0001,0.0001,0.0001,0.0001,0.0001,0.0001,0.0001,0.0001,0.0001,0.0001,0,0,0,0,0,0,0,0,0,0,0,0,0,0,0,0,0,0,0,0,0,0,0,0,0,0,0,0,0,0,0,0,0,0,0,0,0,0,0,0,0,0,0,0,0,0,0,0,0,0,0,0,0,0,0,0,0,0,0,0,0,0.023,0.035,0.055,0.045,0.06,0.069,0.085,0.147,0.187,0.316,0.329,0.307,0.405,0.305,0.38,0.276,0.294,0.313,0.263,0.288,0.221,0.249,1,1,1,1,1,0,0,0,0.039,0.068,0.132,0.113,0.121,0.134,0.156,0.186,0.224,0.324,0.317,0.302,0.435,0.369,0.343,0.309,0.317,0.364,0.299,0.307,0.239,0.282,1,1,1,1,1,0,0,0,0.11,0.152,0.263,0.199,0.198,0.208,0.235,0.263,0.278,0.35,0.331,0.328,0.412,0.452,0.389,0.353,0.389,0.424,0.387,0.377,0.285,0.225,1,1,1,1,1,0,0,0,0.117,0.173,0.289,0.233,0.222,0.234,0.25,0.273,0.315,0.367,0.361,0.378,0.442,0.477,0.409,0.387,0.398,0.461,0.383,0.291,0.366,0.471,1,1,1,1,1,0,0,0,0.0345,0.0562,0.116,0.0798,0.0957,0.1225,0.1523,0.1624,0.1631,0.2552,0.2342,0.248,0.3393,0.2755,0.2755,0.2755,0.2755,0.3306,0.3306,0.3306,0.3306,0.3306,1,1,1,1,1,0,0,0,0.036,0.063,0.127,0.104,0.111,0.133,0.151,0.193,0.238,0.4,0.36,0.35,0.475,0.379,0.349,0.312,0.353,0.346,0.269,0.238,0.231,0.289,0.286,0.229,0.26,0.264,0.488,0.035,0.035,0.035,0.035,0.035,0.035,0.035,0.035,0.035,0.035,0.035,0.035,0.035,0.035,0.035,0.034,0.034,0.034,0.034,0.033,0.033,0.033,0.033,0.032,0.032,0.032,0.031,0.031,0.031,0.031,0.03,0.03,0.03,0.03,0.03,0.03,0.03,0.03,0.03,0.03,0.03,0.03,0.03,0.03,0.03,0.03,0.03,0.03,0.03,0.03,0.03,0.03,0.03,0.03,0.03,0.03,0.03,0.03,0.03,0.03,0.03,0.03,0.03,0.03,0.03,0.0000,0.0000,0.0000,0.1090,0.1340,0.1790,0.1760,0.1960,0.2170,0.2670,0.3680,0.3160,0.4170,0.4050,0.4430,0.6000,0.5330,0.4630,0.4320,0.5680,0.4370,0.5100,0.2840,0.3740,0.4300,1.0000,1.0000,1.0000,1.0000,1.0000
39,0.0001,0.0001,0.0001,0.0001,0.0001,0.0001,0.0001,0.0001,0.0001,0.0001,0.0001,0.0001,0.0001,0.0001,0.0001,0.0001,0.0001,0.0001,0.0001,0.0001,0.0001,0.0001,0.0001,0.0001,0.0001,0.0001,0.0001,0.0001,0.0001,0.0001,0.0001,0,0,0,0,0,0,0,0,0,0,0,0,0,0,0,0,0,0,0,0,0,0,0,0,0,0,0,0,0,0,0,0,0,0,0,0,0,0,0,0,0,0,0,0,0,0,0,0,0,0,0,0,0,0,0,0,0,0,0,0,0,0,0,0.035,0.055,0.045,0.06,0.069,0.085,0.147,0.187,0.316,0.329,0.307,0.405,0.305,0.38,0.276,0.294,0.313,0.263,0.288,0.221,0.249,1,1,1,1,1,0,0,0,0,0.068,0.132,0.113,0.121,0.134,0.156,0.186,0.224,0.324,0.317,0.302,0.435,0.369,0.343,0.309,0.317,0.364,0.299,0.307,0.239,0.282,1,1,1,1,1,0,0,0,0,0.152,0.263,0.199,0.198,0.208,0.235,0.263,0.278,0.35,0.331,0.328,0.412,0.452,0.389,0.353,0.389,0.424,0.387,0.377,0.285,0.225,1,1,1,1,1,0,0,0,0,0.173,0.289,0.233,0.222,0.234,0.25,0.273,0.315,0.367,0.361,0.378,0.442,0.477,0.409,0.387,0.398,0.461,0.383,0.291,0.366,0.471,1,1,1,1,1,0,0,0,0,0.0562,0.116,0.0798,0.0957,0.1225,0.1523,0.1624,0.1631,0.2552,0.2342,0.248,0.3393,0.2755,0.2755,0.2755,0.2755,0.3306,0.3306,0.3306,0.3306,0.3306,1,1,1,1,1,0,0,0,0,0.063,0.127,0.104,0.111,0.133,0.151,0.193,0.238,0.4,0.36,0.35,0.475,0.379,0.349,0.312,0.353,0.346,0.269,0.238,0.231,0.289,0.286,0.229,0.26,0.264,0.488,0.035,0.035,0.035,0.035,0.035,0.035,0.035,0.035,0.035,0.035,0.035,0.035,0.035,0.035,0.035,0.034,0.034,0.034,0.034,0.033,0.033,0.033,0.033,0.032,0.032,0.032,0.031,0.031,0.031,0.031,0.03,0.03,0.03,0.03,0.03,0.03,0.03,0.03,0.03,0.03,0.03,0.03,0.03,0.03,0.03,0.03,0.03,0.03,0.03,0.03,0.03,0.03,0.03,0.03,0.03,0.03,0.03,0.03,0.03,0.03,0.03,0.03,0.03,0.03,0.03,0.0000,0.0000,0.0000,0.0000,0.1340,0.1790,0.1760,0.1960,0.2170,0.2670,0.3680,0.3160,0.4170,0.4050,0.4430,0.6000,0.5330,0.4630,0.4320,0.5680,0.4370,0.5100,0.2840,0.3740,0.4300,1.0000,1.0000,1.0000,1.0000,1.0000
40,0.0001,0.0001,0.0001,0.0001,0.0001,0.0001,0.0001,0.0001,0.0001,0.0001,0.0001,0.0001,0.0001,0.0001,0.0001,0.0001,0.0001,0.0001,0.0001,0.0001,0.0001,0.0001,0.0001,0.0001,0.0001,0.0001,0.0001,0.0001,0.0001,0.0001,0,0,0,0,0,0,0,0,0,0,0,0,0,0,0,0,0,0,0,0,0,0,0,0,0,0,0,0,0,0,0,0,0,0,0,0,0,0,0,0,0,0,0,0,0,0,0,0,0,0,0,0,0,0,0,0,0,0,0,0,0,0,0,0,0,0.055,0.045,0.06,0.069,0.085,0.147,0.187,0.316,0.329,0.307,0.405,0.305,0.38,0.276,0.294,0.313,0.263,0.288,0.221,0.249,1,1,1,1,1,0,0,0,0,0,0.132,0.113,0.121,0.134,0.156,0.186,0.224,0.324,0.317,0.302,0.435,0.369,0.343,0.309,0.317,0.364,0.299,0.307,0.239,0.282,1,1,1,1,1,0,0,0,0,0,0.263,0.199,0.198,0.208,0.235,0.263,0.278,0.35,0.331,0.328,0.412,0.452,0.389,0.353,0.389,0.424,0.387,0.377,0.285,0.225,1,1,1,1,1,0,0,0,0,0,0.289,0.233,0.222,0.234,0.25,0.273,0.315,0.367,0.361,0.378,0.442,0.477,0.409,0.387,0.398,0.461,0.383,0.291,0.366,0.471,1,1,1,1,1,0,0,0,0,0,0.116,0.0798,0.0957,0.1225,0.1523,0.1624,0.1631,0.2552,0.2342,0.248,0.3393,0.2755,0.2755,0.2755,0.2755,0.3306,0.3306,0.3306,0.3306,0.3306,1,1,1,1,1,0,0,0,0,0,0.127,0.104,0.111,0.133,0.151,0.193,0.238,0.4,0.36,0.35,0.475,0.379,0.349,0.312,0.353,0.346,0.269,0.238,0.231,0.289,0.286,0.229,0.26,0.264,0.488,0.035,0.035,0.035,0.035,0.035,0.035,0.035,0.035,0.035,0.035,0.035,0.035,0.035,0.035,0.035,0.034,0.034,0.034,0.034,0.033,0.033,0.033,0.033,0.032,0.032,0.032,0.031,0.031,0.031,0.031,0.03,0.03,0.03,0.03,0.03,0.03,0.03,0.03,0.03,0.03,0.03,0.03,0.03,0.03,0.03,0.03,0.03,0.03,0.03,0.03,0.03,0.03,0.03,0.03,0.03,0.03,0.03,0.03,0.03,0.03,0.03,0.03,0.03,0.03,0.03,0.0000,0.0000,0.0000,0.0000,0.0000,0.1790,0.1760,0.1960,0.2170,0.2670,0.3680,0.3160,0.4170,0.4050,0.4430,0.6000,0.5330,0.4630,0.4320,0.5680,0.4370,0.5100,0.2840,0.3740,0.4300,1.0000,1.0000,1.0000,1.0000,1.0000
41,0.0001,0.0001,0.0001,0.0001,0.0001,0.0001,0.0001,0.0001,0.0001,0.0001,0.0001,0.0001,0.0001,0.0001,0.0001,0.0001,0.0001,0.0001,0.0001,0.0001,0.0001,0.0001,0.0001,0.0001,0.0001,0.0001,0.0001,0.0001,0.0001,0,0,0,0,0,0,0,0,0,0,0,0,0,0,0,0,0,0,0,0,0,0,0,0,0,0,0,0,0,0,0,0,0,0,0,0,0,0,0,0,0,0,0,0,0,0,0,0,0,0,0,0,0,0,0,0,0,0,0,0,0,0,0,0,0,0,0,0.045,0.06,0.069,0.085,0.147,0.187,0.316,0.329,0.307,0.405,0.305,0.38,0.276,0.294,0.313,0.263,0.288,0.221,0.249,1,1,1,1,1,0,0,0,0,0,0,0.113,0.121,0.134,0.156,0.186,0.224,0.324,0.317,0.302,0.435,0.369,0.343,0.309,0.317,0.364,0.299,0.307,0.239,0.282,1,1,1,1,1,0,0,0,0,0,0,0.199,0.198,0.208,0.235,0.263,0.278,0.35,0.331,0.328,0.412,0.452,0.389,0.353,0.389,0.424,0.387,0.377,0.285,0.225,1,1,1,1,1,0,0,0,0,0,0,0.233,0.222,0.234,0.25,0.273,0.315,0.367,0.361,0.378,0.442,0.477,0.409,0.387,0.398,0.461,0.383,0.291,0.366,0.471,1,1,1,1,1,0,0,0,0,0,0,0.0798,0.0957,0.1225,0.1523,0.1624,0.1631,0.2552,0.2342,0.248,0.3393,0.2755,0.2755,0.2755,0.2755,0.3306,0.3306,0.3306,0.3306,0.3306,1,1,1,1,1,0,0,0,0,0,0,0.104,0.111,0.133,0.151,0.193,0.238,0.4,0.36,0.35,0.475,0.379,0.349,0.312,0.353,0.346,0.269,0.238,0.231,0.289,0.286,0.229,0.26,0.264,0.488,0.035,0.035,0.035,0.035,0.035,0.035,0.035,0.035,0.035,0.035,0.035,0.035,0.035,0.035,0.035,0.034,0.034,0.034,0.034,0.033,0.033,0.033,0.033,0.032,0.032,0.032,0.031,0.031,0.031,0.031,0.03,0.03,0.03,0.03,0.03,0.03,0.03,0.03,0.03,0.03,0.03,0.03,0.03,0.03,0.03,0.03,0.03,0.03,0.03,0.03,0.03,0.03,0.03,0.03,0.03,0.03,0.03,0.03,0.03,0.03,0.03,0.03,0.03,0.03,0.03,0.0000,0.0000,0.0000,0.0000,0.0000,0.0000,0.1760,0.1960,0.2170,0.2670,0.3680,0.3160,0.4170,0.4050,0.4430,0.6000,0.5330,0.4630,0.4320,0.5680,0.4370,0.5100,0.2840,0.3740,0.4300,1.0000,1.0000,1.0000,1.0000,1.0000
42,0.0001,0.0001,0.0001,0.0001,0.0001,0.0001,0.0001,0.0001,0.0001,0.0001,0.0001,0.0001,0.0001,0.0001,0.0001,0.0001,0.0001,0.0001,0.0001,0.0001,0.0001,0.0001,0.0001,0.0001,0.0001,0.0001,0.0001,0.0001,0,0,0,0,0,0,0,0,0,0,0,0,0,0,0,0,0,0,0,0,0,0,0,0,0,0,0,0,0,0,0,0,0,0,0,0,0,0,0,0,0,0,0,0,0,0,0,0,0,0,0,0,0,0,0,0,0,0,0,0,0,0,0,0,0,0,0,0,0,0.06,0.069,0.085,0.147,0.187,0.316,0.329,0.307,0.405,0.305,0.38,0.276,0.294,0.313,0.263,0.288,0.221,0.249,1,1,1,1,1,0,0,0,0,0,0,0,0.121,0.134,0.156,0.186,0.224,0.324,0.317,0.302,0.435,0.369,0.343,0.309,0.317,0.364,0.299,0.307,0.239,0.282,1,1,1,1,1,0,0,0,0,0,0,0,0.198,0.208,0.235,0.263,0.278,0.35,0.331,0.328,0.412,0.452,0.389,0.353,0.389,0.424,0.387,0.377,0.285,0.225,1,1,1,1,1,0,0,0,0,0,0,0,0.222,0.234,0.25,0.273,0.315,0.367,0.361,0.378,0.442,0.477,0.409,0.387,0.398,0.461,0.383,0.291,0.366,0.471,1,1,1,1,1,0,0,0,0,0,0,0,0.0957,0.1225,0.1523,0.1624,0.1631,0.2552,0.2342,0.248,0.3393,0.2755,0.2755,0.2755,0.2755,0.3306,0.3306,0.3306,0.3306,0.3306,1,1,1,1,1,0,0,0,0,0,0,0,0.111,0.133,0.151,0.193,0.238,0.4,0.36,0.35,0.475,0.379,0.349,0.312,0.353,0.346,0.269,0.238,0.231,0.289,0.286,0.229,0.26,0.264,0.488,0.035,0.035,0.035,0.035,0.035,0.035,0.035,0.035,0.035,0.035,0.035,0.035,0.035,0.035,0.035,0.034,0.034,0.034,0.034,0.033,0.033,0.033,0.033,0.032,0.032,0.032,0.031,0.031,0.031,0.031,0.03,0.03,0.03,0.03,0.03,0.03,0.03,0.03,0.03,0.03,0.03,0.03,0.03,0.03,0.03,0.03,0.03,0.03,0.03,0.03,0.03,0.03,0.03,0.03,0.03,0.03,0.03,0.03,0.03,0.03,0.03,0.03,0.03,0.03,0.03,0.0000,0.0000,0.0000,0.0000,0.0000,0.0000,0.0000,0.1960,0.2170,0.2670,0.3680,0.3160,0.4170,0.4050,0.4430,0.6000,0.5330,0.4630,0.4320,0.5680,0.4370,0.5100,0.2840,0.3740,0.4300,1.0000,1.0000,1.0000,1.0000,1.0000
43,0.0001,0.0001,0.0001,0.0001,0.0001,0.0001,0.0001,0.0001,0.0001,0.0001,0.0001,0.0001,0.0001,0.0001,0.0001,0.0001,0.0001,0.0001,0.0001,0.0001,0.0001,0.0001,0.0001,0.0001,0.0001,0.0001,0.0001,0,0,0,0,0,0,0,0,0,0,0,0,0,0,0,0,0,0,0,0,0,0,0,0,0,0,0,0,0,0,0,0,0,0,0,0,0,0,0,0,0,0,0,0,0,0,0,0,0,0,0,0,0,0,0,0,0,0,0,0,0,0,0,0,0,0,0,0,0,0,0,0.069,0.085,0.147,0.187,0.316,0.329,0.307,0.405,0.305,0.38,0.276,0.294,0.313,0.263,0.288,0.221,0.249,1,1,1,1,1,0,0,0,0,0,0,0,0,0.134,0.156,0.186,0.224,0.324,0.317,0.302,0.435,0.369,0.343,0.309,0.317,0.364,0.299,0.307,0.239,0.282,1,1,1,1,1,0,0,0,0,0,0,0,0,0.208,0.235,0.263,0.278,0.35,0.331,0.328,0.412,0.452,0.389,0.353,0.389,0.424,0.387,0.377,0.285,0.225,1,1,1,1,1,0,0,0,0,0,0,0,0,0.234,0.25,0.273,0.315,0.367,0.361,0.378,0.442,0.477,0.409,0.387,0.398,0.461,0.383,0.291,0.366,0.471,1,1,1,1,1,0,0,0,0,0,0,0,0,0.1225,0.1523,0.1624,0.1631,0.2552,0.2342,0.248,0.3393,0.2755,0.2755,0.2755,0.2755,0.3306,0.3306,0.3306,0.3306,0.3306,1,1,1,1,1,0,0,0,0,0,0,0,0,0.133,0.151,0.193,0.238,0.4,0.36,0.35,0.475,0.379,0.349,0.312,0.353,0.346,0.269,0.238,0.231,0.289,0.286,0.229,0.26,0.264,0.488,0.035,0.035,0.035,0.035,0.035,0.035,0.035,0.035,0.035,0.035,0.035,0.035,0.035,0.035,0.035,0.034,0.034,0.034,0.034,0.033,0.033,0.033,0.033,0.032,0.032,0.032,0.031,0.031,0.031,0.031,0.03,0.03,0.03,0.03,0.03,0.03,0.03,0.03,0.03,0.03,0.03,0.03,0.03,0.03,0.03,0.03,0.03,0.03,0.03,0.03,0.03,0.03,0.03,0.03,0.03,0.03,0.03,0.03,0.03,0.03,0.03,0.03,0.03,0.03,0.03,0.0000,0.0000,0.0000,0.0000,0.0000,0.0000,0.0000,0.0000,0.2170,0.2670,0.3680,0.3160,0.4170,0.4050,0.4430,0.6000,0.5330,0.4630,0.4320,0.5680,0.4370,0.5100,0.2840,0.3740,0.4300,1.0000,1.0000,1.0000,1.0000,1.0000
44,0.0001,0.0001,0.0001,0.0001,0.0001,0.0001,0.0001,0.0001,0.0001,0.0001,0.0001,0.0001,0.0001,0.0001,0.0001,0.0001,0.0001,0.0001,0.0001,0.0001,0.0001,0.0001,0.0001,0.0001,0.0001,0.0001,0,0,0,0,0,0,0,0,0,0,0,0,0,0,0,0,0,0,0,0,0,0,0,0,0,0,0,0,0,0,0,0,0,0,0,0,0,0,0,0,0,0,0,0,0,0,0,0,0,0,0,0,0,0,0,0,0,0,0,0,0,0,0,0,0,0,0,0,0,0,0,0,0,0.085,0.147,0.187,0.316,0.329,0.307,0.405,0.305,0.38,0.276,0.294,0.313,0.263,0.288,0.221,0.249,1,1,1,1,1,0,0,0,0,0,0,0,0,0,0.156,0.186,0.224,0.324,0.317,0.302,0.435,0.369,0.343,0.309,0.317,0.364,0.299,0.307,0.239,0.282,1,1,1,1,1,0,0,0,0,0,0,0,0,0,0.235,0.263,0.278,0.35,0.331,0.328,0.412,0.452,0.389,0.353,0.389,0.424,0.387,0.377,0.285,0.225,1,1,1,1,1,0,0,0,0,0,0,0,0,0,0.25,0.273,0.315,0.367,0.361,0.378,0.442,0.477,0.409,0.387,0.398,0.461,0.383,0.291,0.366,0.471,1,1,1,1,1,0,0,0,0,0,0,0,0,0,0.1523,0.1624,0.1631,0.2552,0.2342,0.248,0.3393,0.2755,0.2755,0.2755,0.2755,0.3306,0.3306,0.3306,0.3306,0.3306,1,1,1,1,1,0,0,0,0,0,0,0,0,0,0.151,0.193,0.238,0.4,0.36,0.35,0.475,0.379,0.349,0.312,0.353,0.346,0.269,0.238,0.231,0.289,0.286,0.229,0.26,0.264,0.488,0.035,0.035,0.035,0.035,0.035,0.035,0.035,0.035,0.035,0.035,0.035,0.035,0.035,0.035,0.035,0.034,0.034,0.034,0.034,0.033,0.033,0.033,0.033,0.032,0.032,0.032,0.031,0.031,0.031,0.031,0.03,0.03,0.03,0.03,0.03,0.03,0.03,0.03,0.03,0.03,0.03,0.03,0.03,0.03,0.03,0.03,0.03,0.03,0.03,0.03,0.03,0.03,0.03,0.03,0.03,0.03,0.03,0.03,0.03,0.03,0.03,0.03,0.03,0.03,0.03,0.0000,0.0000,0.0000,0.0000,0.0000,0.0000,0.0000,0.0000,0.0000,0.2670,0.3680,0.3160,0.4170,0.4050,0.4430,0.6000,0.5330,0.4630,0.4320,0.5680,0.4370,0.5100,0.2840,0.3740,0.4300,1.0000,1.0000,1.0000,1.0000,1.0000
45,0.0001,0.0001,0.0001,0.0001,0.0001,0.0001,0.0001,0.0001,0.0001,0.0001,0.0001,0.0001,0.0001,0.0001,0.0001,0.0001,0.0001,0.0001,0.0001,0.0001,0.0001,0.0001,0.0001,0.0001,0.0001,0,0,0,0,0,0,0,0,0,0,0,0,0,0,0,0,0,0,0,0,0,0,0,0,0,0,0,0,0,0,0,0,0,0,0,0,0,0,0,0,0,0,0,0,0,0,0,0,0,0,0,0,0,0,0,0,0,0,0,0,0,0,0,0,0,0,0,0,0,0,0,0,0,0,0,0.147,0.187,0.316,0.329,0.307,0.405,0.305,0.38,0.276,0.294,0.313,0.263,0.288,0.221,0.249,1,1,1,1,1,0,0,0,0,0,0,0,0,0,0,0.186,0.224,0.324,0.317,0.302,0.435,0.369,0.343,0.309,0.317,0.364,0.299,1,1,1,1,1,1,1,1,0,0,0,0,0,0,0,0,0,0,0.263,0.278,0.35,0.331,0.328,0.412,0.452,0.389,0.353,0.389,0.424,0.387,0.377,0.285,0.225,1,1,1,1,1,0,0,0,0,0,0,0,0,0,0,0.273,0.315,0.367,0.361,0.378,0.442,0.477,0.409,0.387,0.398,0.461,0.383,0.291,0.366,0.471,1,1,1,1,1,0,0,0,0,0,0,0,0,0,0,0.1624,0.1631,0.2552,0.2342,0.248,0.3393,0.2755,0.2755,0.2755,0.2755,0.3306,0.3306,0.3306,0.3306,0.3306,1,1,1,1,1,0,0,0,0,0,0,0,0,0,0,0.193,0.238,0.4,0.36,0.35,0.475,0.379,0.349,0.312,0.353,0.346,0.269,0.238,0.231,0.289,0.286,0.229,0.26,0.264,0.488,0.035,0.035,0.035,0.035,0.035,0.035,0.035,0.035,0.035,0.035,0.035,0.035,0.035,0.035,0.035,0.034,0.034,0.034,0.034,0.033,0.033,0.033,0.033,0.032,0.032,0.032,0.031,0.031,0.031,0.031,0.03,0.03,0.03,0.03,0.03,0.03,0.03,0.03,0.03,0.03,0.03,0.03,0.03,0.03,0.03,0.03,0.03,0.03,0.03,0.03,0.03,0.03,0.03,0.03,0.03,0.03,0.03,0.03,0.03,0.03,0.03,0.03,0.03,0.03,0.03,0.0000,0.0000,0.0000,0.0000,0.0000,0.0000,0.0000,0.0000,0.0000,0.0000,0.3680,0.3160,0.4170,0.4050,0.4430,0.6000,0.5330,0.4630,0.4320,0.5680,0.4370,0.5100,0.2840,0.3740,0.4300,1.0000,1.0000,1.0000,1.0000,1.0000
46,0.0001,0.0001,0.0001,0.0001,0.0001,0.0001,0.0001,0.0001,0.0001,0.0001,0.0001,0.0001,0.0001,0.0001,0.0001,0.0001,0.0001,0.0001,0.0001,0.0001,0.0001,0.0001,0.0001,0.0001,0,0,0,0,0,0,0,0,0,0,0,0,0,0,0,0,0,0,0,0,0,0,0,0,0,0,0,0,0,0,0,0,0,0,0,0,0,0,0,0,0,0,0,0,0,0,0,0,0,0,0,0,0,0,0,0,0,0,0,0,0,0,0,0,0,0,0,0,0,0,0,0,0,0,0,0,0,0.187,0.316,0.329,0.307,0.405,0.305,0.38,0.276,0.294,0.313,0.263,0.288,0.221,0.249,1,1,1,1,1,0,0,0,0,0,0,0,0,0,0,0,0.224,0.324,0.317,0.302,0.435,0.369,0.343,0.309,0.317,0.364,0.299,1,1,1,1,1,1,1,1,0,0,0,0,0,0,0,0,0,0,0,0.278,0.35,0.331,0.328,0.412,0.452,0.389,0.353,0.389,0.424,0.387,0.377,0.285,0.225,1,1,1,1,1,0,0,0,0,0,0,0,0,0,0,0,0.315,0.367,0.361,0.378,0.442,0.477,0.409,0.387,0.398,0.461,0.383,0.291,0.366,0.471,1,1,1,1,1,0,0,0,0,0,0,0,0,0,0,0,0.1631,0.2552,0.2342,0.248,0.3393,0.2755,0.2755,0.2755,0.2755,0.3306,0.3306,0.3306,0.3306,0.3306,1,1,1,1,1,0,0,0,0,0,0,0,0,0,0,0,0.238,0.4,0.36,0.35,0.475,0.379,0.349,0.312,0.353,0.346,0.269,0.238,0.231,0.289,0.286,0.229,0.26,0.264,0.488,0.035,0.035,0.035,0.035,0.035,0.035,0.035,0.035,0.035,0.035,0.035,0.035,0.035,0.035,0.035,0.034,0.034,0.034,0.034,0.033,0.033,0.033,0.033,0.032,0.032,0.032,0.031,0.031,0.031,0.031,0.03,0.03,0.03,0.03,0.03,0.03,0.03,0.03,0.03,0.03,0.03,0.03,0.03,0.03,0.03,0.03,0.03,0.03,0.03,0.03,0.03,0.03,0.03,0.03,0.03,0.03,0.03,0.03,0.03,0.03,0.03,0.03,0.03,0.03,0.03,0.0000,0.0000,0.0000,0.0000,0.0000,0.0000,0.0000,0.0000,0.0000,0.0000,0.0000,0.3160,0.4170,0.4050,0.4430,0.6000,0.5330,0.4630,0.4320,0.5680,0.4370,0.5100,0.2840,0.3740,0.4300,1.0000,1.0000,1.0000,1.0000,1.0000
47,0.0001,0.0001,0.0001,0.0001,0.0001,0.0001,0.0001,0.0001,0.0001,0.0001,0.0001,0.0001,0.0001,0.0001,0.0001,0.0001,0.0001,0.0001,0.0001,0.0001,0.0001,0.0001,0.0001,0,0,0,0,0,0,0,0,0,0,0,0,0,0,0,0,0,0,0,0,0,0,0,0,0,0,0,0,0,0,0,0,0,0,0,0,0,0,0,0,0,0,0,0,0,0,0,0,0,0,0,0,0,0,0,0,0,0,0,0,0,0,0,0,0,0,0,0,0,0,0,0,0,0,0,0,0,0,0,0.316,0.329,0.307,0.405,0.305,0.38,0.276,0.294,0.313,0.263,0.288,0.221,0.249,1,1,1,1,1,0,0,0,0,0,0,0,0,0,0,0,0,0.324,0.317,0.302,0.435,0.369,0.343,0.309,0.317,0.364,0.299,1,1,1,1,1,1,1,1,0,0,0,0,0,0,0,0,0,0,0,0,0.35,0.331,0.328,0.412,0.452,0.389,0.353,0.389,0.424,0.387,0.377,0.285,0.225,1,1,1,1,1,0,0,0,0,0,0,0,0,0,0,0,0,0.367,0.361,0.378,0.442,0.477,0.409,0.387,0.398,0.461,0.383,0.291,0.366,0.471,1,1,1,1,1,0,0,0,0,0,0,0,0,0,0,0,0,0.2552,0.2342,0.248,0.3393,0.2755,0.2755,0.2755,0.2755,0.3306,0.3306,0.3306,0.3306,0.3306,1,1,1,1,1,0,0,0,0,0,0,0,0,0,0,0,0,0.4,0.36,0.35,0.475,0.379,0.349,0.312,0.353,0.346,0.269,0.238,0.231,0.289,0.286,0.229,0.26,0.264,0.488,0.035,0.035,0.035,0.035,0.035,0.035,0.035,0.035,0.035,0.035,0.035,0.035,0.035,0.035,0.035,0.034,0.034,0.034,0.034,0.033,0.033,0.033,0.033,0.032,0.032,0.032,0.031,0.031,0.031,0.031,0.03,0.03,0.03,0.03,0.03,0.03,0.03,0.03,0.03,0.03,0.03,0.03,0.03,0.03,0.03,0.03,0.03,0.03,0.03,0.03,0.03,0.03,0.03,0.03,0.03,0.03,0.03,0.03,0.03,0.03,0.03,0.03,0.03,0.03,0.03,0.0000,0.0000,0.0000,0.0000,0.0000,0.0000,0.0000,0.0000,0.0000,0.0000,0.0000,0.0000,0.4170,0.4050,0.4430,0.6000,0.5330,0.4630,0.4320,0.5680,0.4370,0.5100,0.2840,0.3740,0.4300,1.0000,1.0000,1.0000,1.0000,1.0000
48,0.0001,0.0001,0.0001,0.0001,0.0001,0.0001,0.0001,0.0001,0.0001,0.0001,0.0001,0.0001,0.0001,0.0001,0.0001,0.0001,0.0001,0.0001,0.0001,0.0001,0.0001,0.0001,0,0,0,0,0,0,0,0,0,0,0,0,0,0,0,0,0,0,0,0,0,0,0,0,0,0,0,0,0,0,0,0,0,0,0,0,0,0,0,0,0,0,0,0,0,0,0,0,0,0,0,0,0,0,0,0,0,0,0,0,0,0,0,0,0,0,0,0,0,0,0,0,0,0,0,0,0,0,0,0,0,0.329,0.307,0.405,0.305,0.38,0.276,0.294,0.313,0.263,0.288,0.221,0.249,1,1,1,1,1,0,0,0,0,0,0,0,0,0,0,0,0,0,0.317,0.302,0.435,0.369,0.343,0.309,0.317,0.364,0.299,1,1,1,1,1,1,1,1,0,0,0,0,0,0,0,0,0,0,0,0,0,0.331,0.328,0.412,0.452,0.389,0.353,0.389,0.424,0.387,0.377,0.285,0.225,1,1,1,1,1,0,0,0,0,0,0,0,0,0,0,0,0,0,0.361,0.378,0.442,0.477,0.409,0.387,0.398,0.461,0.383,0.291,0.366,0.471,1,1,1,1,1,0,0,0,0,0,0,0,0,0,0,0,0,0,0.2342,0.248,0.3393,0.2755,0.2755,0.2755,0.2755,0.3306,0.3306,0.3306,0.3306,0.3306,1,1,1,1,1,0,0,0,0,0,0,0,0,0,0,0,0,0,0.36,0.35,0.475,0.379,0.349,0.312,0.353,0.346,0.269,0.238,0.231,0.289,0.286,0.229,0.26,0.264,0.488,0.035,0.035,0.035,0.035,0.035,0.035,0.035,0.035,0.035,0.035,0.035,0.035,0.035,0.035,0.035,0.034,0.034,0.034,0.034,0.033,0.033,0.033,0.033,0.032,0.032,0.032,0.031,0.031,0.031,0.031,0.03,0.03,0.03,0.03,0.03,0.03,0.03,0.03,0.03,0.03,0.03,0.03,0.03,0.03,0.03,0.03,0.03,0.03,0.03,0.03,0.03,0.03,0.03,0.03,0.03,0.03,0.03,0.03,0.03,0.03,0.03,0.03,0.03,0.03,0.03,0.0000,0.0000,0.0000,0.0000,0.0000,0.0000,0.0000,0.0000,0.0000,0.0000,0.0000,0.0000,0.0000,0.4050,0.4430,0.6000,0.5330,0.4630,0.4320,0.5680,0.4370,0.5100,0.2840,0.3740,0.4300,1.0000,1.0000,1.0000,1.0000,1.0000
49,0.0001,0.0001,0.0001,0.0001,0.0001,0.0001,0.0001,0.0001,0.0001,0.0001,0.0001,0.0001,0.0001,0.0001,0.0001,0.0001,0.0001,0.0001,0.0001,0.0001,0.0001,0,0,0,0,0,0,0,0,0,0,0,0,0,0,0,0,0,0,0,0,0,0,0,0,0,0,0,0,0,0,0,0,0,0,0,0,0,0,0,0,0,0,0,0,0,0,0,0,0,0,0,0,0,0,0,0,0,0,0,0,0,0,0,0,0,0,0,0,0,0,0,0,0,0,0,0,0,0,0,0,0,0,0,0.307,0.405,0.305,0.38,0.276,0.294,0.313,0.263,0.288,0.221,0.249,1,1,1,1,1,0,0,0,0,0,0,0,0,0,0,0,0,0,0,0.302,0.435,0.369,0.343,0.309,0.317,0.364,0.299,1,1,1,1,1,1,1,1,0,0,0,0,0,0,0,0,0,0,0,0,0,0,0.328,0.412,0.452,0.389,0.353,0.389,0.424,0.387,0.377,0.285,0.225,1,1,1,1,1,0,0,0,0,0,0,0,0,0,0,0,0,0,0,0.378,0.442,0.477,0.409,0.387,0.398,0.461,0.383,0.291,0.366,0.471,1,1,1,1,1,0,0,0,0,0,0,0,0,0,0,0,0,0,0,0.248,0.3393,0.2755,0.2755,0.2755,0.2755,0.3306,0.3306,0.3306,0.3306,0.3306,1,1,1,1,1,0,0,0,0,0,0,0,0,0,0,0,0,0,0,0.35,0.475,0.379,0.349,0.312,0.353,0.346,0.269,0.238,0.231,0.289,0.286,0.229,0.26,0.264,0.488,0.035,0.035,0.035,0.035,0.035,0.035,0.035,0.035,0.035,0.035,0.035,0.035,0.035,0.035,0.035,0.034,0.034,0.034,0.034,0.033,0.033,0.033,0.033,0.032,0.032,0.032,0.031,0.031,0.031,0.031,0.03,0.03,0.03,0.03,0.03,0.03,0.03,0.03,0.03,0.03,0.03,0.03,0.03,0.03,0.03,0.03,0.03,0.03,0.03,0.03,0.03,0.03,0.03,0.03,0.03,0.03,0.03,0.03,0.03,0.03,0.03,0.03,0.03,0.03,0.03,0.0000,0.0000,0.0000,0.0000,0.0000,0.0000,0.0000,0.0000,0.0000,0.0000,0.0000,0.0000,0.0000,0.0000,0.4430,0.6000,0.5330,0.4630,0.4320,0.5680,0.4370,0.5100,0.2840,0.3740,0.4300,1.0000,1.0000,1.0000,1.0000,1.0000
50,0.0001,0.0001,0.0001,0.0001,0.0001,0.0001,0.0001,0.0001,0.0001,0.0001,0.0001,0.0001,0.0001,0.0001,0.0001,0.0001,0.0001,0.0001,0.0001,0.0001,0,0,0,0,0,0,0,0,0,0,0,0,0,0,0,0,0,0,0,0,0,0,0,0,0,0,0,0,0,0,0,0,0,0,0,0,0,0,0,0,0,0,0,0,0,0,0,0,0,0,0,0,0,0,0,0,0,0,0,0,0,0,0,0,0,0,0,0,0,0,0,0,0,0,0,0,0,0,0,0,0,0,0,0,0,1,1,1,1,1,1,1,1,1,1,1,1,1,1,1,0,0,0,0,0,0,0,0,0,0,0,0,0,0,0,1,1,1,1,1,1,1,1,1,1,1,1,1,1,1,0,0,0,0,0,0,0,0,0,0,0,0,0,0,0,0.412,0.452,0.389,0.353,0.389,0.424,0.387,0.377,0.285,0.225,1,1,1,1,1,0,0,0,0,0,0,0,0,0,0,0,0,0,0,0,0.442,0.477,0.409,0.387,0.398,0.461,0.383,0.291,0.366,0.471,1,1,1,1,1,0,0,0,0,0,0,0,0,0,0,0,0,0,0,0,1,1,1,1,1,1,1,1,1,1,1,1,1,1,1,0,0,0,0,0,0,0,0,0,0,0,0,0,0,0,1,1,1,1,1,1,1,1,1,1,1,1,1,1,1,0.035,0.035,0.035,0.035,0.035,0.035,0.035,0.035,0.035,0.035,0.035,0.035,0.035,0.035,0.035,0.034,0.034,0.034,0.034,0.033,0.033,0.033,0.033,0.032,0.032,0.032,0.031,0.031,0.031,0.031,0.03,0.03,0.03,0.03,0.03,0.03,0.03,0.03,0.03,0.03,0.03,0.03,0.03,0.03,0.03,0.03,0.03,0.03,0.03,0.03,0.03,0.03,0.03,0.03,0.03,0.03,0.03,0.03,0.03,0.03,0.03,0.03,0.03,0.03,0.03,0.0000,0.0000,0.0000,0.0000,0.0000,0.0000,0.0000,0.0000,0.0000,0.0000,0.0000,0.0000,0.0000,0.0000,0.0000,0.6000,0.5330,0.4630,0.4320,0.5680,0.4370,0.5100,0.2840,0.3740,0.4300,1.0000,1.0000,1.0000,1.0000,1.0000
